id,name,campaign_id,status,targeting,optimization_goal,billing_event,bid_amount,budget_remaining,attribution_spec,start_time,countries,age_min,age_max,genders,custom_audiences,excluded_custom_audiences,daily_budget,lifetime_budget
23849302854290177,Auto - TOF - US + UK  #Stack,23849302854210177,ACTIVE,"{'age_max': 65, 'age_min': 25, 'excluded_product_audience_specs': [{'product_set_id': '333630574910555', 'inclusions': [{'retention_seconds': '7776000', 'rule': '{""event"":{""eq"":""Purchase""}}'}]}], 'flexible_spec': [{'interests': [{'id': '6002891255222', 'name': 'Modern art'}, {'id': '6002989694968', 'name': 'Visual arts'}, {'id': '6003011521797', 'name': 'Contemporary art'}, {'id': '6003138984339', 'name': 'Art glass'}, {'id': '6003289482743', 'name': 'Glass'}]}], 'geo_locations': {'countries': ['US', 'GB'], 'location_types': ['home']}, 'targeting_optimization': 'none', 'publisher_platforms': ['facebook', 'instagram', 'audience_network'], 'facebook_positions': ['feed', 'right_hand_column', 'marketplace', 'story'], 'instagram_positions': ['stream', 'story', 'explore']}",OFFSITE_CONVERSIONS,IMPRESSIONS,10000.0,0,"[{'event_type': 'CLICK_THROUGH', 'window_days': 7}, {'event_type': 'VIEW_THROUGH', 'window_days': 1}]",2021-10-26T08:33:27-0400,"['US', 'GB']",25,65,[],[],[],,
23849302854200177,Auto - TOF - US + UK  #Stack - ON,23849302854210177,ACTIVE,"{'age_max': 65, 'age_min': 25, 'excluded_product_audience_specs': [{'product_set_id': '333630574910555', 'inclusions': [{'retention_seconds': '7776000', 'rule': '{""event"":{""eq"":""Purchase""}}'}]}], 'flexible_spec': [{'interests': [{'id': '6002891255222', 'name': 'Modern art'}, {'id': '6002989694968', 'name': 'Visual arts'}, {'id': '6003011521797', 'name': 'Contemporary art'}, {'id': '6003138984339', 'name': 'Art glass'}, {'id': '6003289482743', 'name': 'Glass'}]}], 'geo_locations': {'countries': ['US', 'GB'], 'location_types': ['home']}, 'targeting_optimization': 'none', 'publisher_platforms': ['facebook', 'instagram', 'audience_network'], 'facebook_positions': ['feed', 'right_hand_column', 'marketplace', 'story'], 'instagram_positions': ['stream', 'story', 'explore']}",OFFSITE_CONVERSIONS,IMPRESSIONS,10000.0,0,"[{'event_type': 'CLICK_THROUGH', 'window_days': 7}, {'event_type': 'VIEW_THROUGH', 'window_days': 1}]",2021-10-26T08:33:28-0400,"['US', 'GB']",25,65,[],[],[],,
23849302775990177,Feeds - TOF - US - #Stack,23849302775960177,ACTIVE,"{'age_max': 65, 'age_min': 45, 'excluded_product_audience_specs': [{'product_set_id': '333630574910555', 'inclusions': [{'retention_seconds': '7776000', 'rule': '{""event"":{""eq"":""Purchase""}}'}]}], 'flexible_spec': [{'interests': [{'id': '6002891255222', 'name': 'Modern art'}, {'id': '6002892294422', 'name': 'Art museum'}, {'id': '6002968344968', 'name': 'Watercolor painting'}, {'id': '6002989694968', 'name': 'Visual arts'}, {'id': '6003011521797', 'name': 'Contemporary art'}, {'id': '6003142974961', 'name': 'Painting'}, {'id': '6003174397615', 'name': 'Art exhibition'}, {'id': '6003194056672', 'name': 'Fine art'}, {'id': '6003202995072', 'name': 'Acrylic paint'}, {'id': '6003253515082', 'name': 'Abstract art'}, {'id': '6003287590941', 'name': 'Contemporary art gallery'}, {'id': '6003648317438', 'name': 'Oil painting'}, {'id': '6003708639146', 'name': 'Paint'}, {'id': '6003780025252', 'name': 'Drawing'}]}], 'genders': [2], 'geo_locations': {'countries': ['US'], 'location_types': ['home']}, 'targeting_optimization': 'expansion_all', 'publisher_platforms': ['facebook', 'instagram'], 'facebook_positions': ['feed', 'right_hand_column', 'video_feeds', 'marketplace'], 'instagram_positions': ['stream', 'explore', 'shop']}",OFFSITE_CONVERSIONS,IMPRESSIONS,,0,"[{'event_type': 'CLICK_THROUGH', 'window_days': 7}, {'event_type': 'VIEW_THROUGH', 'window_days': 1}]",2021-10-26T08:08:25-0400,['US'],45,65,[2],[],[],,
23849302775970177,Feeds - TOF - UK - #Stack,23849302775960177,ACTIVE,"{'age_max': 65, 'age_min': 45, 'excluded_product_audience_specs': [{'product_set_id': '333630574910555', 'inclusions': [{'retention_seconds': '7776000', 'rule': '{""event"":{""eq"":""Purchase""}}'}]}], 'flexible_spec': [{'interests': [{'id': '6002891255222', 'name': 'Modern art'}, {'id': '6002892294422', 'name': 'Art museum'}, {'id': '6002968344968', 'name': 'Watercolor painting'}, {'id': '6002989694968', 'name': 'Visual arts'}, {'id': '6003011521797', 'name': 'Contemporary art'}, {'id': '6003142974961', 'name': 'Painting'}, {'id': '6003174397615', 'name': 'Art exhibition'}, {'id': '6003194056672', 'name': 'Fine art'}, {'id': '6003202995072', 'name': 'Acrylic paint'}, {'id': '6003253515082', 'name': 'Abstract art'}, {'id': '6003287590941', 'name': 'Contemporary art gallery'}, {'id': '6003648317438', 'name': 'Oil painting'}, {'id': '6003708639146', 'name': 'Paint'}, {'id': '6003780025252', 'name': 'Drawing'}]}], 'genders': [2], 'geo_locations': {'countries': ['GB'], 'location_types': ['home']}, 'targeting_optimization': 'expansion_all', 'publisher_platforms': ['facebook', 'instagram'], 'facebook_positions': ['feed', 'right_hand_column', 'video_feeds', 'marketplace'], 'instagram_positions': ['stream', 'explore', 'shop']}",OFFSITE_CONVERSIONS,IMPRESSIONS,,0,"[{'event_type': 'CLICK_THROUGH', 'window_days': 7}, {'event_type': 'VIEW_THROUGH', 'window_days': 1}]",2021-10-26T08:08:25-0400,['GB'],45,65,[2],[],[],,
23849282636990177,Auto - TOF - US + UK,23849184290380177,ACTIVE,"{'age_max': 65, 'age_min': 25, 'geo_locations': {'countries': ['US', 'GB'], 'location_types': ['home']}, 'targeting_optimization': 'none'}",OFFSITE_CONVERSIONS,IMPRESSIONS,,0,"[{'event_type': 'CLICK_THROUGH', 'window_days': 7}]",2021-10-26T08:33:27-0400,"['US', 'GB']",25,65,[],[],[],,
23849282443200177,Feeds - TOF - UK - #Stack,23849282436190177,ACTIVE,"{'age_max': 65, 'age_min': 25, 'excluded_product_audience_specs': [{'product_set_id': '333630574910555', 'inclusions': [{'retention_seconds': '7776000', 'rule': '{""event"":{""eq"":""Purchase""}}'}]}], 'flexible_spec': [{'interests': [{'id': '6002891255222', 'name': 'Modern art'}, {'id': '6002989694968', 'name': 'Visual arts'}, {'id': '6003011521797', 'name': 'Contemporary art'}, {'id': '6003138984339', 'name': 'Art glass'}, {'id': '6003289482743', 'name': 'Glass'}]}], 'geo_locations': {'countries': ['GB'], 'location_types': ['home']}, 'targeting_optimization': 'none', 'publisher_platforms': ['facebook', 'instagram'], 'facebook_positions': ['feed', 'right_hand_column', 'video_feeds', 'marketplace'], 'instagram_positions': ['stream', 'explore', 'shop']}",OFFSITE_CONVERSIONS,IMPRESSIONS,,3500,"[{'event_type': 'CLICK_THROUGH', 'window_days': 7}, {'event_type': 'VIEW_THROUGH', 'window_days': 1}]",2021-10-24T03:19:58-0400,['GB'],25,65,[],[],[],3500,0
23849282436300177,Feeds - TOF - US - #Stack,23849282436190177,ACTIVE,"{'age_max': 65, 'age_min': 25, 'excluded_product_audience_specs': [{'product_set_id': '333630574910555', 'inclusions': [{'retention_seconds': '7776000', 'rule': '{""event"":{""eq"":""Purchase""}}'}]}], 'flexible_spec': [{'interests': [{'id': '6002891255222', 'name': 'Modern art'}, {'id': '6002989694968', 'name': 'Visual arts'}, {'id': '6003011521797', 'name': 'Contemporary art'}, {'id': '6003138984339', 'name': 'Art glass'}, {'id': '6003289482743', 'name': 'Glass'}]}], 'geo_locations': {'countries': ['US'], 'location_types': ['home']}, 'targeting_optimization': 'none', 'publisher_platforms': ['facebook', 'instagram'], 'facebook_positions': ['feed', 'right_hand_column', 'video_feeds', 'marketplace'], 'instagram_positions': ['stream', 'explore', 'shop']}",OFFSITE_CONVERSIONS,IMPRESSIONS,,3500,"[{'event_type': 'CLICK_THROUGH', 'window_days': 7}, {'event_type': 'VIEW_THROUGH', 'window_days': 1}]",2021-10-24T03:19:58-0400,['US'],25,65,[],[],[],3500,0
23849282422540177,Auto - TOF - US + UK  #Stack,23849115788210177,PAUSED,"{'age_max': 65, 'age_min': 25, 'excluded_product_audience_specs': [{'product_set_id': '333630574910555', 'inclusions': [{'retention_seconds': '7776000', 'rule': '{""event"":{""eq"":""Purchase""}}'}]}], 'flexible_spec': [{'interests': [{'id': '6002891255222', 'name': 'Modern art'}, {'id': '6002989694968', 'name': 'Visual arts'}, {'id': '6003011521797', 'name': 'Contemporary art'}, {'id': '6003138984339', 'name': 'Art glass'}, {'id': '6003289482743', 'name': 'Glass'}]}], 'geo_locations': {'countries': ['US', 'GB'], 'location_types': ['home']}, 'targeting_optimization': 'none', 'publisher_platforms': ['facebook', 'instagram', 'audience_network'], 'facebook_positions': ['feed', 'right_hand_column', 'marketplace', 'story'], 'instagram_positions': ['stream', 'story', 'explore'], 'audience_network_positions': ['classic']}",OFFSITE_CONVERSIONS,IMPRESSIONS,7000.0,0,"[{'event_type': 'CLICK_THROUGH', 'window_days': 7}]",2021-10-24T03:14:06-0400,"['US', 'GB']",25,65,[],[],[],,
23849282390900177,Auto - #Best preform Stack - Women 25+ - Copy,23849282390860177,ACTIVE,"{'age_max': 65, 'age_min': 25, 'flexible_spec': [{'interests': [{'id': '6003019539929', 'name': 'Gift'}, {'id': '6003031649055', 'name': 'Glass art'}, {'id': '6003142974961', 'name': 'Painting'}, {'id': '6003273071999', 'name': 'Unique Gifts'}, {'id': '6003523650770', 'name': 'Color printing'}], 'family_statuses': [{'id': '6023005681983', 'name': 'Parents with teenagers (13-17 years)'}], 'life_events': [{'id': '6203620854183', 'name': 'Friends of people with birthdays in a month'}]}], 'genders': [2], 'geo_locations': {'countries': ['US', 'GB'], 'location_types': ['home']}, 'locales': [24, 6], 'targeting_optimization': 'expansion_all', 'brand_safety_content_filter_levels': ['FACEBOOK_STANDARD', 'AN_STANDARD']}",OFFSITE_CONVERSIONS,IMPRESSIONS,,0,"[{'event_type': 'CLICK_THROUGH', 'window_days': 7}, {'event_type': 'VIEW_THROUGH', 'window_days': 1}]",2021-10-24T03:02:24-0400,"['US', 'GB']",25,65,[2],[],[],,
23849252555880177,Auto - #Best preform Stack - Women 25+,23849252555870177,ACTIVE,"{'age_max': 65, 'age_min': 25, 'flexible_spec': [{'interests': [{'id': '6003019539929', 'name': 'Gift'}, {'id': '6003031649055', 'name': 'Glass art'}, {'id': '6003142974961', 'name': 'Painting'}, {'id': '6003273071999', 'name': 'Unique Gifts'}, {'id': '6003523650770', 'name': 'Color printing'}], 'family_statuses': [{'id': '6023005681983', 'name': 'Parents with teenagers (13-17 years)'}], 'life_events': [{'id': '6203620854183', 'name': 'Friends of people with birthdays in a month'}]}], 'genders': [2], 'geo_locations': {'countries': ['US', 'GB'], 'location_types': ['home']}, 'locales': [24, 6], 'targeting_optimization': 'expansion_all', 'brand_safety_content_filter_levels': ['FACEBOOK_STANDARD', 'AN_STANDARD']}",OFFSITE_CONVERSIONS,IMPRESSIONS,,0,"[{'event_type': 'CLICK_THROUGH', 'window_days': 1}]",2021-10-20T03:43:59-0400,"['US', 'GB']",25,65,[2],[],[],,
23849252555850177,Auto - #Best preform Stack - Women 25+ - Carousel,23849252555870177,ACTIVE,"{'age_max': 65, 'age_min': 25, 'flexible_spec': [{'interests': [{'id': '6003019539929', 'name': 'Gift'}, {'id': '6003031649055', 'name': 'Glass art'}, {'id': '6003142974961', 'name': 'Painting'}, {'id': '6003273071999', 'name': 'Unique Gifts'}, {'id': '6003523650770', 'name': 'Color printing'}], 'family_statuses': [{'id': '6023005681983', 'name': 'Parents with teenagers (13-17 years)'}], 'life_events': [{'id': '6203620854183', 'name': 'Friends of people with birthdays in a month'}]}], 'genders': [2], 'geo_locations': {'countries': ['US', 'GB'], 'location_types': ['home']}, 'locales': [24, 6], 'targeting_optimization': 'expansion_all', 'brand_safety_content_filter_levels': ['FACEBOOK_STANDARD', 'AN_STANDARD']}",OFFSITE_CONVERSIONS,IMPRESSIONS,,0,"[{'event_type': 'CLICK_THROUGH', 'window_days': 1}]",2021-10-20T03:43:58-0400,"['US', 'GB']",25,65,[2],[],[],,
23849229939720177,Auto - TOF - US + UK  #Painting,23849184290380177,PAUSED,"{'age_max': 65, 'age_min': 25, 'flexible_spec': [{'interests': [{'id': '6003142974961', 'name': 'Painting'}]}], 'geo_locations': {'countries': ['US', 'GB'], 'location_types': ['home']}, 'targeting_optimization': 'none'}",OFFSITE_CONVERSIONS,IMPRESSIONS,,0,"[{'event_type': 'CLICK_THROUGH', 'window_days': 7}]",2021-10-18T03:11:09-0400,"['US', 'GB']",25,65,[],[],[],,
23849229853010177,IG Feed - #Best preform Stack - Women 30+,23849229847770177,ACTIVE,"{'age_max': 65, 'age_min': 30, 'flexible_spec': [{'interests': [{'id': '6003019539929', 'name': 'Gift'}, {'id': '6003031649055', 'name': 'Glass art'}, {'id': '6003142974961', 'name': 'Painting'}, {'id': '6003273071999', 'name': 'Unique Gifts'}, {'id': '6003523650770', 'name': 'Color printing'}], 'family_statuses': [{'id': '6023005681983', 'name': 'Parents with teenagers (13-17 years)'}], 'life_events': [{'id': '6203620854183', 'name': 'Friends of people with birthdays in a month'}]}], 'genders': [2], 'geo_locations': {'countries': ['US', 'GB'], 'location_types': ['home']}, 'locales': [24, 6], 'targeting_optimization': 'expansion_all', 'publisher_platforms': ['instagram'], 'instagram_positions': ['stream', 'explore', 'shop'], 'device_platforms': ['mobile', 'desktop']}",OFFSITE_CONVERSIONS,IMPRESSIONS,,0,"[{'event_type': 'CLICK_THROUGH', 'window_days': 7}, {'event_type': 'VIEW_THROUGH', 'window_days': 1}]",2021-10-18T03:05:12-0400,"['US', 'GB']",30,65,[2],[],[],,
23849229847820177,FB Feed - #Best preform Stack - Women 30+,23849229847770177,ACTIVE,"{'age_max': 65, 'age_min': 30, 'flexible_spec': [{'interests': [{'id': '6003019539929', 'name': 'Gift'}, {'id': '6003031649055', 'name': 'Glass art'}, {'id': '6003142974961', 'name': 'Painting'}, {'id': '6003273071999', 'name': 'Unique Gifts'}, {'id': '6003523650770', 'name': 'Color printing'}], 'family_statuses': [{'id': '6023005681983', 'name': 'Parents with teenagers (13-17 years)'}], 'life_events': [{'id': '6203620854183', 'name': 'Friends of people with birthdays in a month'}]}], 'genders': [2], 'geo_locations': {'countries': ['US', 'GB'], 'location_types': ['home']}, 'locales': [24, 6], 'targeting_optimization': 'none', 'brand_safety_content_filter_levels': ['FACEBOOK_STANDARD'], 'publisher_platforms': ['facebook'], 'facebook_positions': ['feed', 'groups_feed', 'right_hand_column', 'video_feeds', 'instant_article', 'marketplace', 'search'], 'device_platforms': ['mobile', 'desktop']}",OFFSITE_CONVERSIONS,IMPRESSIONS,,0,"[{'event_type': 'CLICK_THROUGH', 'window_days': 7}, {'event_type': 'VIEW_THROUGH', 'window_days': 1}]",2021-10-18T03:05:12-0400,"['US', 'GB']",30,65,[2],[],[],,
23849184290490177,Auto - TOF - US + UK  #Broad,23849184290380177,PAUSED,"{'age_max': 65, 'age_min': 25, 'geo_locations': {'countries': ['US', 'GB'], 'location_types': ['home']}, 'targeting_optimization': 'none'}",OFFSITE_CONVERSIONS,IMPRESSIONS,,0,"[{'event_type': 'CLICK_THROUGH', 'window_days': 7}]",2021-10-12T08:00:44-0400,"['US', 'GB']",25,65,[],[],[],,
23849173481850177,Auto - LLA 5% - VV 10Sec 365D,23849173475870177,ACTIVE,"{'age_max': 65, 'age_min': 40, 'excluded_custom_audiences': [{'id': '23848874448390177', 'name': 'BP - PUR 30D'}], 'custom_audiences': [{'id': '23849173482140177', 'name': 'Lookalike (US, 5%) - BP - VV 10Sec 365D'}], 'geo_locations': {'countries': ['US'], 'location_types': ['home']}, 'locales': [24, 6], 'targeting_optimization': 'expansion_all', 'brand_safety_content_filter_levels': ['FACEBOOK_STANDARD', 'AN_STANDARD']}",OFFSITE_CONVERSIONS,IMPRESSIONS,,0,"[{'event_type': 'CLICK_THROUGH', 'window_days': 7}, {'event_type': 'VIEW_THROUGH', 'window_days': 1}]",2021-10-11T04:31:46-0400,['US'],40,65,[],"['Lookalike (US, 5%) - BP - VV 10Sec 365D']",['BP - PUR 30D'],,
23849173475880177,Auto - LLA 5% - Top 25%,23849173475870177,ACTIVE,"{'age_max': 65, 'age_min': 40, 'excluded_custom_audiences': [{'id': '23848874448390177', 'name': 'BP - PUR 30D'}], 'custom_audiences': [{'id': '23849173481420177', 'name': 'Lookalike (US, 5%) - BP - TOP 25% 180D'}], 'geo_locations': {'countries': ['US'], 'location_types': ['home']}, 'locales': [24, 6], 'targeting_optimization': 'expansion_all', 'brand_safety_content_filter_levels': ['FACEBOOK_STANDARD', 'AN_STANDARD']}",OFFSITE_CONVERSIONS,IMPRESSIONS,,0,"[{'event_type': 'CLICK_THROUGH', 'window_days': 7}, {'event_type': 'VIEW_THROUGH', 'window_days': 1}]",2021-10-11T04:31:47-0400,['US'],40,65,[],"['Lookalike (US, 5%) - BP - TOP 25% 180D']",['BP - PUR 30D'],,
23849138910850177,Auto - MOF + BOF - Stack,23849138910870177,ACTIVE,"{'age_max': 65, 'age_min': 40, 'excluded_custom_audiences': [{'id': '23848874448390177', 'name': 'BP - PUR 30D'}], 'custom_audiences': [{'id': '23848874419150177', 'name': 'BP - WV 30D'}, {'id': '23848874426160177', 'name': 'BP - TOP 25% 180D'}, {'id': '23848874428740177', 'name': 'BP - VC >3 180D'}, {'id': '23848874431900177', 'name': 'BP - ATC 180D'}, {'id': '23848874442360177', 'name': 'BP - IC 180D'}, {'id': '23848874445850177', 'name': 'BP - PUR 180D'}, {'id': '23848874455790177', 'name': 'BP - VV 10Sec 365D'}, {'id': '23848874456540177', 'name': 'BP - FB ENG 365D'}, {'id': '23848874457590177', 'name': 'BP - IG  ENG 365D'}], 'geo_locations': {'countries': ['US'], 'location_types': ['home']}, 'locales': [24, 6], 'targeting_optimization': 'expansion_all', 'brand_safety_content_filter_levels': ['FACEBOOK_STANDARD', 'AN_STANDARD']}",OFFSITE_CONVERSIONS,IMPRESSIONS,,0,"[{'event_type': 'CLICK_THROUGH', 'window_days': 7}, {'event_type': 'VIEW_THROUGH', 'window_days': 1}]",2021-10-06T11:14:32-0400,['US'],40,65,[],"['BP - WV 30D', 'BP - TOP 25% 180D', 'BP - VC >3 180D', 'BP - ATC 180D', 'BP - IC 180D', 'BP - PUR 180D', 'BP - VV 10Sec 365D', 'BP - FB ENG 365D', 'BP - IG  ENG 365D']",['BP - PUR 30D'],,
23849126978130177,Prospective Audience - All - 333630574910555 - Copy,23849126977870177,ACTIVE,"{'age_max': 65, 'age_min': 25, 'geo_locations': {'countries': ['US', 'GB'], 'location_types': ['home']}, 'targeting_optimization': 'expansion_all', 'publisher_platforms': ['facebook', 'instagram', 'audience_network'], 'facebook_positions': ['feed', 'right_hand_column', 'marketplace', 'story'], 'instagram_positions': ['stream', 'story', 'explore'], 'device_platforms': ['mobile', 'desktop'], 'audience_network_positions': ['classic', 'instream_video', 'rewarded_video']}",OFFSITE_CONVERSIONS,IMPRESSIONS,,0,"[{'event_type': 'CLICK_THROUGH', 'window_days': 7}, {'event_type': 'VIEW_THROUGH', 'window_days': 1}]",2021-10-05T04:12:23-0400,"['US', 'GB']",25,65,[],[],[],,
23849126978120177,Prospective Audience - Women - 222004113098515 - Copy,23849126977870177,PAUSED,"{'age_max': 65, 'age_min': 45, 'genders': [2], 'geo_locations': {'countries': ['US', 'GB'], 'location_types': ['home']}, 'locales': [24, 6], 'targeting_optimization': 'expansion_all', 'publisher_platforms': ['facebook', 'instagram', 'audience_network'], 'facebook_positions': ['feed', 'right_hand_column', 'marketplace', 'story'], 'instagram_positions': ['stream', 'story', 'explore'], 'device_platforms': ['mobile', 'desktop'], 'audience_network_positions': ['classic', 'instream_video', 'rewarded_video']}",OFFSITE_CONVERSIONS,IMPRESSIONS,,0,"[{'event_type': 'CLICK_THROUGH', 'window_days': 7}, {'event_type': 'VIEW_THROUGH', 'window_days': 1}]",2021-10-05T04:12:29-0400,"['US', 'GB']",45,65,[2],[],[],,
23849126978110177,Auto - #Best preform Stack - Women 30+ - Copy,23849126977870177,PAUSED,"{'age_max': 65, 'age_min': 30, 'flexible_spec': [{'interests': [{'id': '6003019539929', 'name': 'Gift'}, {'id': '6003031649055', 'name': 'Glass art'}, {'id': '6003142974961', 'name': 'Painting'}, {'id': '6003273071999', 'name': 'Unique Gifts'}, {'id': '6003523650770', 'name': 'Color printing'}], 'family_statuses': [{'id': '6023005681983', 'name': 'Parents with teenagers (13-17 years)'}], 'life_events': [{'id': '6203620854183', 'name': 'Friends of people with birthdays in a month'}]}], 'genders': [2], 'geo_locations': {'countries': ['US'], 'location_types': ['home']}, 'locales': [24, 6], 'targeting_optimization': 'expansion_all'}",OFFSITE_CONVERSIONS,IMPRESSIONS,,0,"[{'event_type': 'CLICK_THROUGH', 'window_days': 7}, {'event_type': 'VIEW_THROUGH', 'window_days': 1}]",2021-10-05T04:12:31-0400,['US'],30,65,[2],[],[],,
23849126978100177,Warm Visitors - All - Copy,23849126977870177,PAUSED,"{'age_max': 65, 'age_min': 25, 'geo_locations': {'countries': ['US', 'GB'], 'location_types': ['home']}, 'targeting_optimization': 'expansion_all', 'publisher_platforms': ['facebook', 'instagram', 'audience_network'], 'facebook_positions': ['feed', 'right_hand_column', 'marketplace', 'story'], 'instagram_positions': ['stream', 'story', 'explore']}",OFFSITE_CONVERSIONS,IMPRESSIONS,,0,"[{'event_type': 'CLICK_THROUGH', 'window_days': 7}, {'event_type': 'VIEW_THROUGH', 'window_days': 1}]",2021-10-05T04:12:23-0400,"['US', 'GB']",25,65,[],[],[],,
23849126978050177,Top Customers Combo - Women - Copy,23849126977870177,PAUSED,"{'age_max': 65, 'age_min': 45, 'genders': [2], 'geo_locations': {'countries': ['US', 'GB'], 'location_types': ['home']}, 'locales': [24, 6], 'targeting_optimization': 'expansion_all', 'publisher_platforms': ['facebook', 'instagram', 'audience_network'], 'facebook_positions': ['feed', 'right_hand_column', 'marketplace', 'story'], 'instagram_positions': ['stream', 'story', 'explore']}",OFFSITE_CONVERSIONS,IMPRESSIONS,,0,"[{'event_type': 'CLICK_THROUGH', 'window_days': 7}, {'event_type': 'VIEW_THROUGH', 'window_days': 1}]",2021-10-05T04:12:25-0400,"['US', 'GB']",45,65,[2],[],[],,
23849121767280177,Auto - #Best preform Stack - Women 25+,23849121737310177,PAUSED,"{'age_max': 65, 'age_min': 25, 'flexible_spec': [{'interests': [{'id': '6003019539929', 'name': 'Gift'}, {'id': '6003031649055', 'name': 'Glass art'}, {'id': '6003142974961', 'name': 'Painting'}, {'id': '6003273071999', 'name': 'Unique Gifts'}, {'id': '6003523650770', 'name': 'Color printing'}], 'family_statuses': [{'id': '6023005681983', 'name': 'Parents with teenagers (13-17 years)'}], 'life_events': [{'id': '6203620854183', 'name': 'Friends of people with birthdays in a month'}]}], 'genders': [2], 'geo_locations': {'countries': ['US', 'GB'], 'location_types': ['home']}, 'locales': [24, 6], 'targeting_optimization': 'expansion_all', 'brand_safety_content_filter_levels': ['FACEBOOK_STANDARD', 'AN_STANDARD']}",OFFSITE_CONVERSIONS,IMPRESSIONS,,0,"[{'event_type': 'CLICK_THROUGH', 'window_days': 7}, {'event_type': 'VIEW_THROUGH', 'window_days': 1}]",2021-10-04T06:09:44-0400,"['US', 'GB']",25,65,[2],[],[],,
23849121737360177,Auto - #Best preform Stack - Women 25+ - Carousel,23849121737310177,PAUSED,"{'age_max': 65, 'age_min': 25, 'flexible_spec': [{'interests': [{'id': '6003019539929', 'name': 'Gift'}, {'id': '6003031649055', 'name': 'Glass art'}, {'id': '6003142974961', 'name': 'Painting'}, {'id': '6003273071999', 'name': 'Unique Gifts'}, {'id': '6003523650770', 'name': 'Color printing'}], 'family_statuses': [{'id': '6023005681983', 'name': 'Parents with teenagers (13-17 years)'}], 'life_events': [{'id': '6203620854183', 'name': 'Friends of people with birthdays in a month'}]}], 'genders': [2], 'geo_locations': {'countries': ['US', 'GB'], 'location_types': ['home']}, 'locales': [24, 6], 'targeting_optimization': 'none', 'brand_safety_content_filter_levels': ['FACEBOOK_STANDARD', 'AN_STANDARD']}",OFFSITE_CONVERSIONS,IMPRESSIONS,,0,"[{'event_type': 'CLICK_THROUGH', 'window_days': 7}, {'event_type': 'VIEW_THROUGH', 'window_days': 1}]",2021-10-04T06:09:44-0400,"['US', 'GB']",25,65,[2],[],[],,
23849121548400177,Auto - MOF + BOF - Stack,23849121548390177,PAUSED,"{'age_max': 65, 'age_min': 40, 'excluded_custom_audiences': [{'id': '23848874448390177', 'name': 'BP - PUR 30D'}], 'custom_audiences': [{'id': '23848874419150177', 'name': 'BP - WV 30D'}, {'id': '23848874426160177', 'name': 'BP - TOP 25% 180D'}, {'id': '23848874428740177', 'name': 'BP - VC >3 180D'}, {'id': '23848874431900177', 'name': 'BP - ATC 180D'}, {'id': '23848874442360177', 'name': 'BP - IC 180D'}, {'id': '23848874445850177', 'name': 'BP - PUR 180D'}, {'id': '23848874455790177', 'name': 'BP - VV 10Sec 365D'}, {'id': '23848874456540177', 'name': 'BP - FB ENG 365D'}, {'id': '23848874457590177', 'name': 'BP - IG  ENG 365D'}], 'geo_locations': {'countries': ['US'], 'location_types': ['home']}, 'locales': [24, 6], 'targeting_optimization': 'expansion_all', 'brand_safety_content_filter_levels': ['FACEBOOK_STANDARD', 'AN_STANDARD']}",OFFSITE_CONVERSIONS,IMPRESSIONS,,0,"[{'event_type': 'CLICK_THROUGH', 'window_days': 7}, {'event_type': 'VIEW_THROUGH', 'window_days': 1}]",2021-10-04T05:50:26-0400,['US'],40,65,[],"['BP - WV 30D', 'BP - TOP 25% 180D', 'BP - VC >3 180D', 'BP - ATC 180D', 'BP - IC 180D', 'BP - PUR 180D', 'BP - VV 10Sec 365D', 'BP - FB ENG 365D', 'BP - IG  ENG 365D']",['BP - PUR 30D'],,
23849116039330177,Auto - MOF+BOF - US + UK - Stack,23849116035040177,PAUSED,"{'age_max': 65, 'age_min': 25, 'excluded_product_audience_specs': [{'product_set_id': '333630574910555', 'inclusions': [{'retention_seconds': '7776000', 'rule': '{""event"":{""eq"":""Purchase""}}'}]}], 'excluded_custom_audiences': [{'id': '23848874448390177', 'name': 'BP - PUR 30D'}], 'custom_audiences': [{'id': '23848874419150177', 'name': 'BP - WV 30D'}, {'id': '23848874426160177', 'name': 'BP - TOP 25% 180D'}, {'id': '23848874428740177', 'name': 'BP - VC >3 180D'}, {'id': '23848874431900177', 'name': 'BP - ATC 180D'}, {'id': '23848874442360177', 'name': 'BP - IC 180D'}, {'id': '23848874445850177', 'name': 'BP - PUR 180D'}, {'id': '23848874455790177', 'name': 'BP - VV 10Sec 365D'}, {'id': '23848874456540177', 'name': 'BP - FB ENG 365D'}, {'id': '23848874457590177', 'name': 'BP - IG  ENG 365D'}], 'geo_locations': {'countries': ['US', 'GB'], 'location_types': ['home']}, 'targeting_optimization': 'none', 'publisher_platforms': ['facebook', 'instagram', 'audience_network'], 'facebook_positions': ['feed', 'right_hand_column', 'marketplace', 'story'], 'instagram_positions': ['stream', 'story', 'explore']}",OFFSITE_CONVERSIONS,IMPRESSIONS,,0,"[{'event_type': 'CLICK_THROUGH', 'window_days': 7}, {'event_type': 'VIEW_THROUGH', 'window_days': 1}]",2021-10-03T08:26:16-0400,"['US', 'GB']",25,65,[],"['BP - WV 30D', 'BP - TOP 25% 180D', 'BP - VC >3 180D', 'BP - ATC 180D', 'BP - IC 180D', 'BP - PUR 180D', 'BP - VV 10Sec 365D', 'BP - FB ENG 365D', 'BP - IG  ENG 365D']",['BP - PUR 30D'],,
23849116035100177,Auto - TOF - US + UK  #Stack,23849116035040177,PAUSED,"{'age_max': 65, 'age_min': 25, 'excluded_product_audience_specs': [{'product_set_id': '333630574910555', 'inclusions': [{'retention_seconds': '7776000', 'rule': '{""event"":{""eq"":""Purchase""}}'}]}], 'flexible_spec': [{'interests': [{'id': '6002891255222', 'name': 'Modern art'}, {'id': '6002989694968', 'name': 'Visual arts'}, {'id': '6003011521797', 'name': 'Contemporary art'}, {'id': '6003138984339', 'name': 'Art glass'}, {'id': '6003289482743', 'name': 'Glass'}]}], 'geo_locations': {'countries': ['US', 'GB'], 'location_types': ['home']}, 'targeting_optimization': 'none', 'publisher_platforms': ['facebook', 'instagram', 'audience_network'], 'facebook_positions': ['feed', 'right_hand_column', 'marketplace', 'story'], 'instagram_positions': ['stream', 'story', 'explore']}",OFFSITE_CONVERSIONS,IMPRESSIONS,,0,"[{'event_type': 'CLICK_THROUGH', 'window_days': 7}, {'event_type': 'VIEW_THROUGH', 'window_days': 1}]",2021-10-03T08:26:16-0400,"['US', 'GB']",25,65,[],[],[],,
23849115788270177,Auto - TOF - US + UK  #Stack - ON,23849115788210177,ACTIVE,"{'age_max': 65, 'age_min': 25, 'excluded_product_audience_specs': [{'product_set_id': '333630574910555', 'inclusions': [{'retention_seconds': '7776000', 'rule': '{""event"":{""eq"":""Purchase""}}'}]}], 'flexible_spec': [{'interests': [{'id': '6002891255222', 'name': 'Modern art'}, {'id': '6002989694968', 'name': 'Visual arts'}, {'id': '6003011521797', 'name': 'Contemporary art'}, {'id': '6003138984339', 'name': 'Art glass'}, {'id': '6003289482743', 'name': 'Glass'}]}], 'geo_locations': {'countries': ['US', 'GB'], 'location_types': ['home']}, 'targeting_optimization': 'none', 'publisher_platforms': ['facebook', 'instagram', 'audience_network'], 'facebook_positions': ['feed', 'right_hand_column', 'marketplace', 'story'], 'instagram_positions': ['stream', 'story', 'explore']}",OFFSITE_CONVERSIONS,IMPRESSIONS,7000.0,0,"[{'event_type': 'CLICK_THROUGH', 'window_days': 7}]",2021-10-03T07:07:58-0400,"['US', 'GB']",25,65,[],[],[],,
23849115788240177,Auto - TOF - US + UK  #Stack,23849115788210177,ACTIVE,"{'age_max': 65, 'age_min': 25, 'excluded_product_audience_specs': [{'product_set_id': '333630574910555', 'inclusions': [{'retention_seconds': '7776000', 'rule': '{""event"":{""eq"":""Purchase""}}'}]}], 'flexible_spec': [{'interests': [{'id': '6002891255222', 'name': 'Modern art'}, {'id': '6002989694968', 'name': 'Visual arts'}, {'id': '6003011521797', 'name': 'Contemporary art'}, {'id': '6003138984339', 'name': 'Art glass'}, {'id': '6003289482743', 'name': 'Glass'}]}], 'geo_locations': {'countries': ['US', 'GB'], 'location_types': ['home']}, 'targeting_optimization': 'none', 'publisher_platforms': ['facebook', 'instagram', 'audience_network'], 'facebook_positions': ['feed', 'right_hand_column', 'marketplace', 'story'], 'instagram_positions': ['stream', 'story', 'explore']}",OFFSITE_CONVERSIONS,IMPRESSIONS,7000.0,0,"[{'event_type': 'CLICK_THROUGH', 'window_days': 7}]",2021-10-03T07:07:54-0400,"['US', 'GB']",25,65,[],[],[],,
23849115788200177,Auto - TOF - UK US - BROAD,23849115788210177,PAUSED,"{'age_max': 65, 'age_min': 25, 'excluded_product_audience_specs': [{'product_set_id': '333630574910555', 'inclusions': [{'retention_seconds': '7776000', 'rule': '{""event"":{""eq"":""Purchase""}}'}]}], 'geo_locations': {'countries': ['US', 'GB'], 'location_types': ['home']}, 'targeting_optimization': 'none', 'publisher_platforms': ['facebook', 'instagram', 'audience_network'], 'facebook_positions': ['feed', 'right_hand_column', 'marketplace', 'story'], 'instagram_positions': ['stream', 'story', 'explore']}",OFFSITE_CONVERSIONS,IMPRESSIONS,7000.0,0,"[{'event_type': 'CLICK_THROUGH', 'window_days': 7}]",2021-10-03T07:07:54-0400,"['US', 'GB']",25,65,[],[],[],,
23849114955480177,Auto - TOF - US + UK  #Stack - ON,23848956459710177,PAUSED,"{'age_max': 65, 'age_min': 25, 'excluded_product_audience_specs': [{'product_set_id': '333630574910555', 'inclusions': [{'retention_seconds': '7776000', 'rule': '{""event"":{""eq"":""Purchase""}}'}]}], 'flexible_spec': [{'interests': [{'id': '6002891255222', 'name': 'Modern art'}, {'id': '6002989694968', 'name': 'Visual arts'}, {'id': '6003011521797', 'name': 'Contemporary art'}, {'id': '6003138984339', 'name': 'Art glass'}, {'id': '6003289482743', 'name': 'Glass'}]}], 'geo_locations': {'countries': ['US', 'GB'], 'location_types': ['home']}, 'targeting_optimization': 'expansion_all', 'publisher_platforms': ['facebook', 'instagram', 'audience_network'], 'facebook_positions': ['feed', 'right_hand_column', 'marketplace', 'story'], 'instagram_positions': ['stream', 'story', 'explore']}",OFFSITE_CONVERSIONS,IMPRESSIONS,,4500,"[{'event_type': 'CLICK_THROUGH', 'window_days': 7}, {'event_type': 'VIEW_THROUGH', 'window_days': 1}]",2021-10-03T02:22:11-0400,"['US', 'GB']",25,65,[],[],[],4500,0
23849101256010177,UK - FBIG - Broad,23849101246740177,ACTIVE,"{'age_max': 65, 'age_min': 25, 'genders': [0], 'geo_locations': {'countries': ['GB'], 'location_types': ['home', 'recent']}, 'targeting_optimization': 'expansion_all', 'publisher_platforms': ['facebook', 'instagram'], 'facebook_positions': ['feed'], 'instagram_positions': ['stream'], 'device_platforms': ['mobile', 'desktop']}",OFFSITE_CONVERSIONS,IMPRESSIONS,3500.0,2000,"[{'event_type': 'CLICK_THROUGH', 'window_days': 7}]",2021-10-01T03:26:14-0400,['GB'],25,65,[0],[],[],2000,0
23849101246780177,US - FBIG - Broad,23849101246740177,ACTIVE,"{'age_max': 65, 'age_min': 25, 'genders': [0], 'geo_locations': {'countries': ['US'], 'location_types': ['home', 'recent']}, 'targeting_optimization': 'expansion_all', 'publisher_platforms': ['facebook', 'instagram'], 'facebook_positions': ['feed'], 'instagram_positions': ['stream'], 'device_platforms': ['mobile', 'desktop']}",OFFSITE_CONVERSIONS,IMPRESSIONS,3500.0,2000,"[{'event_type': 'CLICK_THROUGH', 'window_days': 7}]",2021-10-01T03:26:14-0400,['US'],25,65,[0],[],[],2000,0
23849097216160177,Auto - TOF - US + UK  #Stack,23848956459710177,PAUSED,"{'age_max': 65, 'age_min': 25, 'excluded_product_audience_specs': [{'product_set_id': '333630574910555', 'inclusions': [{'retention_seconds': '7776000', 'rule': '{""event"":{""eq"":""Purchase""}}'}]}], 'flexible_spec': [{'interests': [{'id': '6002891255222', 'name': 'Modern art'}, {'id': '6002989694968', 'name': 'Visual arts'}, {'id': '6003011521797', 'name': 'Contemporary art'}, {'id': '6003138984339', 'name': 'Art glass'}, {'id': '6003289482743', 'name': 'Glass'}]}], 'geo_locations': {'countries': ['US', 'GB'], 'location_types': ['home']}, 'targeting_optimization': 'none', 'publisher_platforms': ['facebook', 'instagram', 'audience_network'], 'facebook_positions': ['feed', 'right_hand_column', 'marketplace', 'story'], 'instagram_positions': ['stream', 'story', 'explore']}",OFFSITE_CONVERSIONS,IMPRESSIONS,,4500,"[{'event_type': 'CLICK_THROUGH', 'window_days': 7}, {'event_type': 'VIEW_THROUGH', 'window_days': 1}]",2021-09-30T13:56:34-0400,"['US', 'GB']",25,65,[],[],[],4500,0
23849063287310177,Auto - TOF - UK US - BROAD,23849063287320177,ACTIVE,"{'age_max': 65, 'age_min': 25, 'excluded_product_audience_specs': [{'product_set_id': '333630574910555', 'inclusions': [{'retention_seconds': '7776000', 'rule': '{""event"":{""eq"":""Purchase""}}'}]}], 'geo_locations': {'countries': ['US', 'GB'], 'location_types': ['home']}, 'targeting_optimization': 'none', 'publisher_platforms': ['facebook', 'instagram', 'audience_network'], 'facebook_positions': ['feed', 'right_hand_column', 'marketplace', 'story'], 'instagram_positions': ['stream', 'story', 'explore']}",OFFSITE_CONVERSIONS,IMPRESSIONS,,4500,"[{'event_type': 'CLICK_THROUGH', 'window_days': 7}, {'event_type': 'VIEW_THROUGH', 'window_days': 1}]",2021-09-27T02:00:16-0400,"['US', 'GB']",25,65,[],[],[],4500,0
23849036719540177,Auto - ATC 14 - 60D,23849036570460177,ACTIVE,"{'age_max': 65, 'age_min': 25, 'product_audience_specs': [{'product_set_id': '1408539919529180', 'inclusions': [{'retention_seconds': '5184000', 'rule': '{""event"":{""eq"":""AddToCart""}}'}], 'exclusions': [{'retention_seconds': '5184000', 'rule': '{""event"":{""eq"":""Purchase""}}'}, {'retention_seconds': '1209600', 'rule': '{""event"":{""eq"":""AddToCart""}}'}]}], 'geo_locations': {'countries': ['US', 'GB'], 'location_types': ['home']}, 'targeting_optimization': 'none'}",OFFSITE_CONVERSIONS,IMPRESSIONS,,0,"[{'event_type': 'CLICK_THROUGH', 'window_days': 7}, {'event_type': 'VIEW_THROUGH', 'window_days': 1}]",2021-09-23T06:54:33-0400,"['US', 'GB']",25,65,[],[],[],,
23849036570990177,Auto - WV 14D,23849036570460177,ACTIVE,"{'age_max': 65, 'age_min': 25, 'product_audience_specs': [{'product_set_id': '1408539919529180', 'inclusions': [{'retention_seconds': '1209600', 'rule': '{""event"":{""eq"":""ViewContent""}}'}, {'retention_seconds': '1209600', 'rule': '{""event"":{""eq"":""AddToCart""}}'}], 'exclusions': [{'retention_seconds': '1209600', 'rule': '{""event"":{""eq"":""Purchase""}}'}]}], 'geo_locations': {'countries': ['US', 'GB'], 'location_types': ['home']}, 'targeting_optimization': 'none'}",OFFSITE_CONVERSIONS,IMPRESSIONS,,0,"[{'event_type': 'CLICK_THROUGH', 'window_days': 7}, {'event_type': 'VIEW_THROUGH', 'window_days': 1}]",2021-09-23T06:54:34-0400,"['US', 'GB']",25,65,[],[],[],,
23849000812570177,Auto - LLA 1% VV 10Sec 365D,23849000653110177,PAUSED,"{'age_max': 65, 'age_min': 20, 'geo_locations': {'countries': ['US'], 'location_types': ['home']}, 'locales': [24, 6], 'targeting_optimization': 'expansion_all', 'targeting_relaxation_types': {'lookalike': 0, 'custom_audience': 0}}",OFFSITE_CONVERSIONS,IMPRESSIONS,,200,"[{'event_type': 'CLICK_THROUGH', 'window_days': 7}, {'event_type': 'VIEW_THROUGH', 'window_days': 1}]",2021-09-19T12:00:14-0400,['US'],20,65,[],[],[],200,0
23849000794630177,Auto - LLA 1% FB ENG 365D,23849000653110177,PAUSED,"{'age_max': 65, 'age_min': 20, 'geo_locations': {'countries': ['US'], 'location_types': ['home']}, 'locales': [24, 6], 'targeting_optimization': 'expansion_all', 'targeting_relaxation_types': {'lookalike': 0, 'custom_audience': 0}}",OFFSITE_CONVERSIONS,IMPRESSIONS,,200,"[{'event_type': 'CLICK_THROUGH', 'window_days': 7}, {'event_type': 'VIEW_THROUGH', 'window_days': 1}]",2021-09-19T12:00:10-0400,['US'],20,65,[],[],[],200,0
23849000744510177,Auto - LLA 1% IG ENG 365D,23849000653110177,PAUSED,"{'age_max': 65, 'age_min': 20, 'geo_locations': {'countries': ['US'], 'location_types': ['home']}, 'locales': [24, 6], 'targeting_optimization': 'expansion_all', 'targeting_relaxation_types': {'lookalike': 0, 'custom_audience': 0}}",OFFSITE_CONVERSIONS,IMPRESSIONS,,200,"[{'event_type': 'CLICK_THROUGH', 'window_days': 7}, {'event_type': 'VIEW_THROUGH', 'window_days': 1}]",2021-09-19T12:00:09-0400,['US'],20,65,[],[],[],200,0
23849000736200177,Auto - #Designer - Women 30+,23849000653110177,PAUSED,"{'age_max': 65, 'age_min': 30, 'flexible_spec': [{'interests': [{'id': '6003375718196', 'name': 'Designer'}]}], 'genders': [2], 'geo_locations': {'countries': ['US'], 'location_types': ['home']}, 'locales': [24, 6], 'targeting_optimization': 'none', 'targeting_relaxation_types': {'lookalike': 0, 'custom_audience': 0}}",OFFSITE_CONVERSIONS,IMPRESSIONS,,200,"[{'event_type': 'CLICK_THROUGH', 'window_days': 7}, {'event_type': 'VIEW_THROUGH', 'window_days': 1}]",2021-09-19T12:00:05-0400,['US'],30,65,[2],[],[],200,0
23849000713680177,Auto - #Creativity - Women 30+,23849000653110177,PAUSED,"{'age_max': 65, 'age_min': 30, 'flexible_spec': [{'interests': [{'id': '6003198642601', 'name': 'Creativity'}]}], 'genders': [2], 'geo_locations': {'countries': ['US'], 'location_types': ['home']}, 'locales': [24, 6], 'targeting_optimization': 'none', 'targeting_relaxation_types': {'lookalike': 0, 'custom_audience': 0}}",OFFSITE_CONVERSIONS,IMPRESSIONS,,200,"[{'event_type': 'CLICK_THROUGH', 'window_days': 7}, {'event_type': 'VIEW_THROUGH', 'window_days': 1}]",2021-09-19T12:00:05-0400,['US'],30,65,[2],[],[],200,0
23849000694490177,Auto - #Sketch (drawing) - Women 30+,23849000653110177,PAUSED,"{'age_max': 65, 'age_min': 30, 'flexible_spec': [{'interests': [{'id': '6003328256648', 'name': 'Sketch (drawing)'}]}], 'genders': [2], 'geo_locations': {'countries': ['US'], 'location_types': ['home']}, 'locales': [24, 6], 'targeting_optimization': 'none', 'targeting_relaxation_types': {'lookalike': 0, 'custom_audience': 0}}",OFFSITE_CONVERSIONS,IMPRESSIONS,,200,"[{'event_type': 'CLICK_THROUGH', 'window_days': 7}, {'event_type': 'VIEW_THROUGH', 'window_days': 1}]",2021-09-19T12:00:01-0400,['US'],30,65,[2],[],[],200,0
23849000666240177,Auto - #Watercolor painting - Women 30+,23849000653110177,PAUSED,"{'age_max': 65, 'age_min': 30, 'flexible_spec': [{'interests': [{'id': '6002968344968', 'name': 'Watercolor painting'}]}], 'genders': [2], 'geo_locations': {'countries': ['US'], 'location_types': ['home']}, 'locales': [24, 6], 'targeting_optimization': 'none', 'targeting_relaxation_types': {'lookalike': 0, 'custom_audience': 0}}",OFFSITE_CONVERSIONS,IMPRESSIONS,,200,"[{'event_type': 'CLICK_THROUGH', 'window_days': 7}, {'event_type': 'VIEW_THROUGH', 'window_days': 1}]",2021-09-19T12:00:18-0400,['US'],30,65,[2],[],[],200,0
23849000661880177,Auto - #Home Décor Products - Women 30+,23849000653110177,PAUSED,"{'age_max': 65, 'age_min': 30, 'flexible_spec': [{'interests': [{'id': '6003136058808', 'name': 'Home Décor Products'}]}], 'genders': [2], 'geo_locations': {'countries': ['US'], 'location_types': ['home']}, 'locales': [24, 6], 'targeting_optimization': 'none', 'targeting_relaxation_types': {'lookalike': 0, 'custom_audience': 0}}",OFFSITE_CONVERSIONS,IMPRESSIONS,,200,"[{'event_type': 'CLICK_THROUGH', 'window_days': 7}, {'event_type': 'VIEW_THROUGH', 'window_days': 1}]",2021-09-19T12:00:13-0400,['US'],30,65,[2],[],[],200,0
23849000653380177,Auto - #Interior design - Women 30+,23849000653110177,ACTIVE,"{'age_max': 65, 'age_min': 30, 'flexible_spec': [{'interests': [{'id': '6002920953955', 'name': 'Interior design'}]}], 'genders': [2], 'geo_locations': {'countries': ['US'], 'location_types': ['home']}, 'locales': [24, 6], 'targeting_optimization': 'none', 'targeting_relaxation_types': {'lookalike': 0, 'custom_audience': 0}}",OFFSITE_CONVERSIONS,IMPRESSIONS,,1000,"[{'event_type': 'CLICK_THROUGH', 'window_days': 7}, {'event_type': 'VIEW_THROUGH', 'window_days': 1}]",2021-09-19T12:00:01-0400,['US'],30,65,[2],[],[],1000,0
23848956459780177,Auto - TOF - UK US - BROAD,23848956459710177,ACTIVE,"{'age_max': 65, 'age_min': 25, 'excluded_product_audience_specs': [{'product_set_id': '333630574910555', 'inclusions': [{'retention_seconds': '7776000', 'rule': '{""event"":{""eq"":""Purchase""}}'}]}], 'geo_locations': {'countries': ['US', 'GB'], 'location_types': ['home']}, 'targeting_optimization': 'none', 'publisher_platforms': ['facebook', 'instagram', 'audience_network'], 'facebook_positions': ['feed', 'right_hand_column', 'marketplace', 'story'], 'instagram_positions': ['stream', 'story', 'explore']}",OFFSITE_CONVERSIONS,IMPRESSIONS,,1500,"[{'event_type': 'CLICK_THROUGH', 'window_days': 7}, {'event_type': 'VIEW_THROUGH', 'window_days': 1}]",2021-09-14T08:57:36-0400,"['US', 'GB']",25,65,[],[],[],1500,0
23848944864590177,Auto - Decorative arts - Women 30+,23848874497880177,PAUSED,"{'age_max': 65, 'age_min': 30, 'flexible_spec': [{'interests': [{'id': '6003136862950', 'name': 'Decorative arts'}]}], 'genders': [2], 'geo_locations': {'countries': ['US'], 'location_types': ['home']}, 'locales': [24, 6], 'targeting_optimization': 'none', 'targeting_relaxation_types': {'lookalike': 0, 'custom_audience': 0}}",OFFSITE_CONVERSIONS,IMPRESSIONS,,2500,"[{'event_type': 'CLICK_THROUGH', 'window_days': 7}, {'event_type': 'VIEW_THROUGH', 'window_days': 1}]",2021-09-13T08:05:10-0400,['US'],30,65,[2],[],[],2500,0
23848935437170177,Auto - LLA 1% -  Top 25% 24+,23848874497880177,PAUSED,"{'age_max': 65, 'age_min': 24, 'geo_locations': {'countries': ['US'], 'location_types': ['home']}, 'locales': [24, 6], 'targeting_optimization': 'none', 'targeting_relaxation_types': {'lookalike': 0, 'custom_audience': 0}}",OFFSITE_CONVERSIONS,IMPRESSIONS,,2500,"[{'event_type': 'CLICK_THROUGH', 'window_days': 7}, {'event_type': 'VIEW_THROUGH', 'window_days': 1}]",2021-09-12T05:41:32-0400,['US'],24,65,[],[],[],2500,0
23848935433870177,Auto - #Glass - Women 30+,23848874497880177,PAUSED,"{'age_max': 65, 'age_min': 30, 'flexible_spec': [{'interests': [{'id': '6003289482743', 'name': 'Glass'}]}], 'genders': [2], 'geo_locations': {'countries': ['US'], 'location_types': ['home']}, 'locales': [24, 6], 'targeting_optimization': 'none', 'targeting_relaxation_types': {'lookalike': 0, 'custom_audience': 0}}",OFFSITE_CONVERSIONS,IMPRESSIONS,,2500,"[{'event_type': 'CLICK_THROUGH', 'window_days': 7}, {'event_type': 'VIEW_THROUGH', 'window_days': 1}]",2021-09-12T05:41:32-0400,['US'],30,65,[2],[],[],2500,0
23848935429980177,Auto - #Best preform Stack - Women 30+,23848874497880177,ACTIVE,"{'age_max': 65, 'age_min': 30, 'flexible_spec': [{'interests': [{'id': '6003019539929', 'name': 'Gift'}, {'id': '6003031649055', 'name': 'Glass art'}, {'id': '6003142974961', 'name': 'Painting'}, {'id': '6003273071999', 'name': 'Unique Gifts'}, {'id': '6003523650770', 'name': 'Color printing'}], 'family_statuses': [{'id': '6023005681983', 'name': 'Parents with teenagers (13-17 years)'}], 'life_events': [{'id': '6203620854183', 'name': 'Friends of people with birthdays in a month'}]}], 'genders': [2], 'geo_locations': {'countries': ['US'], 'location_types': ['home']}, 'locales': [24, 6], 'targeting_optimization': 'none', 'targeting_relaxation_types': {'lookalike': 0, 'custom_audience': 0}}",OFFSITE_CONVERSIONS,IMPRESSIONS,,2500,"[{'event_type': 'CLICK_THROUGH', 'window_days': 7}, {'event_type': 'VIEW_THROUGH', 'window_days': 1}]",2021-09-12T05:38:33-0400,['US'],30,65,[2],[],[],2500,0
23848911369590177,Auto - #Oil painting / Gift  25+,23848874497880177,PAUSED,"{'age_max': 65, 'age_min': 25, 'flexible_spec': [{'interests': [{'id': '6003648317438', 'name': 'Oil painting'}]}, {'interests': [{'id': '6003019539929', 'name': 'Gift'}]}], 'geo_locations': {'countries': ['US'], 'location_types': ['home']}, 'locales': [24, 6], 'targeting_optimization': 'none', 'targeting_relaxation_types': {'lookalike': 0, 'custom_audience': 0}}",OFFSITE_CONVERSIONS,IMPRESSIONS,,2500,"[{'event_type': 'CLICK_THROUGH', 'window_days': 7}, {'event_type': 'VIEW_THROUGH', 'window_days': 1}]",2021-09-09T05:07:46-0400,['US'],25,65,[],[],[],2500,0
23848911354990177,Auto - #Watercolor painting 40+,23848874497880177,PAUSED,"{'age_max': 65, 'age_min': 40, 'excluded_custom_audiences': [{'id': '23848874445850177', 'name': 'BP - PUR 180D'}], 'flexible_spec': [{'interests': [{'id': '6002968344968', 'name': 'Watercolor painting'}]}], 'geo_locations': {'countries': ['US'], 'location_types': ['home']}, 'locales': [24, 6], 'targeting_optimization': 'none', 'targeting_relaxation_types': {'lookalike': 0, 'custom_audience': 0}}",OFFSITE_CONVERSIONS,IMPRESSIONS,,2500,"[{'event_type': 'CLICK_THROUGH', 'window_days': 7}, {'event_type': 'VIEW_THROUGH', 'window_days': 1}]",2021-09-09T05:06:08-0400,['US'],40,65,[],[],['BP - PUR 180D'],2500,0
23848874545830177,Auto - BOF - PP,23848874537460177,ACTIVE,"{'age_max': 65, 'age_min': 40, 'excluded_custom_audiences': [{'id': '23848874448390177', 'name': 'BP - PUR 30D'}], 'custom_audiences': [{'id': '23847007661700177', 'name': 'Adscale Big Ticket Customers'}, {'id': '23847007661740177', 'name': 'Adscale 1-time Customers'}, {'id': '23847007662180177', 'name': 'Adscale Lost Customers'}, {'id': '23848556916920177', 'name': 'Trees'}, {'id': '23848556916970177', 'name': ""haven't bought for 100 days""}, {'id': '23848616242060177', 'name': 'mini purchasers'}, {'id': '23848616242170177', 'name': 'petite buyers'}, {'id': '23848874445850177', 'name': 'BP - PUR 180D'}], 'geo_locations': {'countries': ['US'], 'location_types': ['home']}, 'locales': [24, 6], 'targeting_optimization': 'expansion_all', 'targeting_relaxation_types': {'lookalike': 0, 'custom_audience': 0}}",OFFSITE_CONVERSIONS,IMPRESSIONS,,500,"[{'event_type': 'CLICK_THROUGH', 'window_days': 7}, {'event_type': 'VIEW_THROUGH', 'window_days': 1}]",2021-09-05T08:05:29-0400,['US'],40,65,[],"['Adscale Big Ticket Customers', 'Adscale 1-time Customers', 'Adscale Lost Customers', 'Trees', ""haven't bought for 100 days"", 'mini purchasers', 'petite buyers', 'BP - PUR 180D']",['BP - PUR 30D'],500,0
23848874542620177,Auto - BOF - ATM,23848874537460177,ACTIVE,"{'age_max': 65, 'age_min': 40, 'excluded_custom_audiences': [{'id': '23848874445850177', 'name': 'BP - PUR 180D'}], 'custom_audiences': [{'id': '23848874419150177', 'name': 'BP - WV 30D'}, {'id': '23848874426160177', 'name': 'BP - TOP 25% 180D'}, {'id': '23848874428740177', 'name': 'BP - VC >3 180D'}, {'id': '23848874431900177', 'name': 'BP - ATC 180D'}, {'id': '23848874442360177', 'name': 'BP - IC 180D'}], 'geo_locations': {'countries': ['US'], 'location_types': ['home']}, 'locales': [24, 6], 'targeting_optimization': 'expansion_all', 'targeting_relaxation_types': {'lookalike': 0, 'custom_audience': 0}}",OFFSITE_CONVERSIONS,IMPRESSIONS,,2000,"[{'event_type': 'CLICK_THROUGH', 'window_days': 7}, {'event_type': 'VIEW_THROUGH', 'window_days': 1}]",2021-09-05T08:05:22-0400,['US'],40,65,[],"['BP - WV 30D', 'BP - TOP 25% 180D', 'BP - VC >3 180D', 'BP - ATC 180D', 'BP - IC 180D']",['BP - PUR 180D'],2000,0
23848874537690177,Auto - MOF - Stack,23848874537460177,ACTIVE,"{'age_max': 65, 'age_min': 40, 'excluded_custom_audiences': [{'id': '23848874419150177', 'name': 'BP - WV 30D'}, {'id': '23848874445850177', 'name': 'BP - PUR 180D'}], 'custom_audiences': [{'id': '23848874455790177', 'name': 'BP - VV 10Sec 365D'}, {'id': '23848874456540177', 'name': 'BP - FB ENG 365D'}, {'id': '23848874457590177', 'name': 'BP - IG  ENG 365D'}], 'geo_locations': {'countries': ['US'], 'location_types': ['home']}, 'locales': [24, 6], 'targeting_optimization': 'none', 'targeting_relaxation_types': {'lookalike': 0, 'custom_audience': 0}}",OFFSITE_CONVERSIONS,IMPRESSIONS,,2500,"[{'event_type': 'CLICK_THROUGH', 'window_days': 7}, {'event_type': 'VIEW_THROUGH', 'window_days': 1}]",2021-09-05T08:05:22-0400,['US'],40,65,[],"['BP - VV 10Sec 365D', 'BP - FB ENG 365D', 'BP - IG  ENG 365D']","['BP - WV 30D', 'BP - PUR 180D']",2500,0
23848874531320177,Auto - #Abstract art 40+,23848874497880177,PAUSED,"{'age_max': 65, 'age_min': 40, 'excluded_custom_audiences': [{'id': '23848874445850177', 'name': 'BP - PUR 180D'}], 'flexible_spec': [{'interests': [{'id': '6003253515082', 'name': 'Abstract art'}]}], 'geo_locations': {'countries': ['US'], 'location_types': ['home']}, 'locales': [24, 6], 'targeting_optimization': 'none', 'targeting_relaxation_types': {'lookalike': 0, 'custom_audience': 0}}",OFFSITE_CONVERSIONS,IMPRESSIONS,,2500,"[{'event_type': 'CLICK_THROUGH', 'window_days': 7}, {'event_type': 'VIEW_THROUGH', 'window_days': 1}]",2021-09-05T08:05:34-0400,['US'],40,65,[],[],['BP - PUR 180D'],2500,0
23848874528970177,Auto - #Modern art 40+,23848874497880177,PAUSED,"{'age_max': 65, 'age_min': 40, 'excluded_custom_audiences': [{'id': '23848874445850177', 'name': 'BP - PUR 180D'}], 'flexible_spec': [{'interests': [{'id': '6002891255222', 'name': 'Modern art'}]}], 'geo_locations': {'countries': ['US'], 'location_types': ['home']}, 'locales': [24, 6], 'targeting_optimization': 'none', 'targeting_relaxation_types': {'lookalike': 0, 'custom_audience': 0}}",OFFSITE_CONVERSIONS,IMPRESSIONS,,2500,"[{'event_type': 'CLICK_THROUGH', 'window_days': 7}, {'event_type': 'VIEW_THROUGH', 'window_days': 1}]",2021-09-05T08:05:22-0400,['US'],40,65,[],[],['BP - PUR 180D'],2500,0
23848874527380177,Auto - #Oil painting 40+,23848874497880177,PAUSED,"{'age_max': 65, 'age_min': 40, 'excluded_custom_audiences': [{'id': '23848874445850177', 'name': 'BP - PUR 180D'}], 'flexible_spec': [{'interests': [{'id': '6003648317438', 'name': 'Oil painting'}]}], 'geo_locations': {'countries': ['US'], 'location_types': ['home']}, 'locales': [24, 6], 'targeting_optimization': 'none', 'targeting_relaxation_types': {'lookalike': 0, 'custom_audience': 0}}",OFFSITE_CONVERSIONS,IMPRESSIONS,,2500,"[{'event_type': 'CLICK_THROUGH', 'window_days': 7}, {'event_type': 'VIEW_THROUGH', 'window_days': 1}]",2021-09-05T08:05:30-0400,['US'],40,65,[],[],['BP - PUR 180D'],2500,0
23848874523060177,Auto - #Drawing 40+,23848874497880177,PAUSED,"{'age_max': 65, 'age_min': 40, 'excluded_custom_audiences': [{'id': '23848874445850177', 'name': 'BP - PUR 180D'}], 'flexible_spec': [{'interests': [{'id': '6003780025252', 'name': 'Drawing'}]}], 'geo_locations': {'countries': ['US'], 'location_types': ['home']}, 'locales': [24, 6], 'targeting_optimization': 'none', 'targeting_relaxation_types': {'lookalike': 0, 'custom_audience': 0}}",OFFSITE_CONVERSIONS,IMPRESSIONS,,2500,"[{'event_type': 'CLICK_THROUGH', 'window_days': 7}, {'event_type': 'VIEW_THROUGH', 'window_days': 1}]",2021-09-05T08:05:37-0400,['US'],40,65,[],[],['BP - PUR 180D'],2500,0
23848874519290177,Auto - #Painting 40+,23848874497880177,PAUSED,"{'age_max': 65, 'age_min': 40, 'excluded_custom_audiences': [{'id': '23848874445850177', 'name': 'BP - PUR 180D'}], 'flexible_spec': [{'interests': [{'id': '6003142974961', 'name': 'Painting'}]}], 'geo_locations': {'countries': ['US'], 'location_types': ['home']}, 'locales': [24, 6], 'targeting_optimization': 'expansion_all', 'targeting_relaxation_types': {'lookalike': 0, 'custom_audience': 0}}",OFFSITE_CONVERSIONS,IMPRESSIONS,,2500,"[{'event_type': 'CLICK_THROUGH', 'window_days': 7}, {'event_type': 'VIEW_THROUGH', 'window_days': 1}]",2021-09-05T08:05:29-0400,['US'],40,65,[],[],['BP - PUR 180D'],2500,0
23848874497910177,Auto - #Best preform Stack,23848874497880177,PAUSED,"{'age_max': 65, 'age_min': 45, 'excluded_custom_audiences': [{'id': '23848874445850177', 'name': 'BP - PUR 180D'}], 'flexible_spec': [{'interests': [{'id': '6003019539929', 'name': 'Gift'}, {'id': '6003031649055', 'name': 'Glass art'}, {'id': '6003142974961', 'name': 'Painting'}, {'id': '6003273071999', 'name': 'Unique Gifts'}, {'id': '6003523650770', 'name': 'Color printing'}], 'family_statuses': [{'id': '6023005681983', 'name': 'Parents with teenagers (13-17 years)'}], 'life_events': [{'id': '6203620854183', 'name': 'Friends of people with birthdays in a month'}]}], 'geo_locations': {'countries': ['US'], 'location_types': ['home']}, 'locales': [24, 6], 'targeting_optimization': 'expansion_all', 'targeting_relaxation_types': {'lookalike': 0, 'custom_audience': 0}}",OFFSITE_CONVERSIONS,IMPRESSIONS,,2500,"[{'event_type': 'CLICK_THROUGH', 'window_days': 7}, {'event_type': 'VIEW_THROUGH', 'window_days': 1}]",2021-09-05T08:05:22-0400,['US'],45,65,[],[],['BP - PUR 180D'],2500,0
23848616247930177,High AOV Customers - All,23848236416450177,PAUSED,"{'age_max': 65, 'age_min': 45, 'geo_locations': {'countries': ['US', 'GB'], 'location_types': ['home']}, 'locales': [24, 6], 'targeting_relaxation_types': {'lookalike': 0, 'custom_audience': 0}, 'publisher_platforms': ['facebook', 'instagram', 'audience_network'], 'facebook_positions': ['feed', 'right_hand_column', 'marketplace', 'story'], 'instagram_positions': ['stream', 'story', 'explore']}",OFFSITE_CONVERSIONS,IMPRESSIONS,,110,"[{'event_type': 'CLICK_THROUGH', 'window_days': 7}, {'event_type': 'VIEW_THROUGH', 'window_days': 1}]",2021-08-04T07:06:09-0400,"['US', 'GB']",45,65,[],[],[],110,0
23848616246700177,Segment - All - petite buyers,23848236416450177,PAUSED,"{'age_max': 65, 'age_min': 45, 'geo_locations': {'countries': ['US', 'GB'], 'location_types': ['home']}, 'locales': [24, 6], 'targeting_relaxation_types': {'lookalike': 0, 'custom_audience': 0}, 'publisher_platforms': ['facebook', 'instagram', 'audience_network'], 'facebook_positions': ['feed', 'right_hand_column', 'marketplace', 'story'], 'instagram_positions': ['stream', 'story', 'explore']}",OFFSITE_CONVERSIONS,IMPRESSIONS,,110,"[{'event_type': 'CLICK_THROUGH', 'window_days': 7}, {'event_type': 'VIEW_THROUGH', 'window_days': 1}]",2021-08-04T07:05:54-0400,"['US', 'GB']",45,65,[],[],[],110,0
23848616246310177,Segment - All - mini purchasers,23848236416450177,PAUSED,"{'age_max': 65, 'age_min': 45, 'geo_locations': {'countries': ['US', 'GB'], 'location_types': ['home']}, 'locales': [24, 6], 'targeting_relaxation_types': {'lookalike': 0, 'custom_audience': 0}, 'publisher_platforms': ['facebook', 'instagram', 'audience_network'], 'facebook_positions': ['feed', 'right_hand_column', 'marketplace', 'story'], 'instagram_positions': ['stream', 'story', 'explore']}",OFFSITE_CONVERSIONS,IMPRESSIONS,,110,"[{'event_type': 'CLICK_THROUGH', 'window_days': 7}, {'event_type': 'VIEW_THROUGH', 'window_days': 1}]",2021-08-04T07:05:48-0400,"['US', 'GB']",45,65,[],[],[],110,0
23848616245870177,1-time Customers - All,23848236412050177,PAUSED,"{'age_max': 65, 'age_min': 45, 'custom_audiences': [{'id': '23847007661740177', 'name': 'Adscale 1-time Customers'}], 'geo_locations': {'countries': ['US', 'GB'], 'location_types': ['home']}, 'locales': [24, 6], 'targeting_relaxation_types': {'lookalike': 0, 'custom_audience': 0}, 'publisher_platforms': ['facebook', 'instagram', 'audience_network'], 'facebook_positions': ['feed', 'right_hand_column', 'marketplace', 'story'], 'instagram_positions': ['stream', 'story', 'explore']}",OFFSITE_CONVERSIONS,IMPRESSIONS,,110,"[{'event_type': 'CLICK_THROUGH', 'window_days': 7}, {'event_type': 'VIEW_THROUGH', 'window_days': 1}]",2021-08-04T07:05:40-0400,"['US', 'GB']",45,65,[],['Adscale 1-time Customers'],[],110,0
23848556926410177,Segment - All - Trees,23848236412050177,PAUSED,"{'age_max': 65, 'age_min': 45, 'custom_audiences': [{'id': '23848556916920177', 'name': 'Trees'}], 'geo_locations': {'countries': ['US', 'GB'], 'location_types': ['home']}, 'locales': [24, 6], 'targeting_relaxation_types': {'lookalike': 0, 'custom_audience': 0}, 'publisher_platforms': ['facebook', 'instagram', 'audience_network'], 'facebook_positions': ['feed', 'right_hand_column', 'marketplace', 'story'], 'instagram_positions': ['stream', 'story', 'explore']}",OFFSITE_CONVERSIONS,IMPRESSIONS,,500,"[{'event_type': 'CLICK_THROUGH', 'window_days': 7}, {'event_type': 'VIEW_THROUGH', 'window_days': 1}]",2021-07-26T15:18:39-0400,"['US', 'GB']",45,65,[],['Trees'],[],500,0
23848556921670177,Segment - All - Trees,23848236416450177,PAUSED,"{'age_max': 65, 'age_min': 45, 'geo_locations': {'countries': ['US', 'GB'], 'location_types': ['home']}, 'locales': [24, 6], 'targeting_relaxation_types': {'lookalike': 0, 'custom_audience': 0}, 'publisher_platforms': ['facebook', 'instagram', 'audience_network'], 'facebook_positions': ['feed', 'right_hand_column', 'marketplace', 'story'], 'instagram_positions': ['stream', 'story', 'explore']}",OFFSITE_CONVERSIONS,IMPRESSIONS,,110,"[{'event_type': 'CLICK_THROUGH', 'window_days': 7}, {'event_type': 'VIEW_THROUGH', 'window_days': 1}]",2021-07-26T15:18:06-0400,"['US', 'GB']",45,65,[],[],[],110,0
23848556789910177,AdScale Test Ad Set,23848556789680177,ACTIVE,"{'age_max': 65, 'age_min': 18, 'geo_locations': {'countries': ['US'], 'location_types': ['home']}, 'targeting_relaxation_types': {'lookalike': 0, 'custom_audience': 0}}",OFFSITE_CONVERSIONS,IMPRESSIONS,2.0,150,"[{'event_type': 'CLICK_THROUGH', 'window_days': 7}]",2021-07-26T14:42:03-0400,['US'],18,65,[],[],[],150,0
23848456673930177,Top Customers Combo - All,23848236416450177,PAUSED,"{'age_max': 65, 'age_min': 45, 'geo_locations': {'countries': ['US', 'GB'], 'location_types': ['home']}, 'locales': [24, 6], 'targeting_relaxation_types': {'lookalike': 0, 'custom_audience': 0}, 'publisher_platforms': ['facebook', 'instagram', 'audience_network'], 'facebook_positions': ['feed', 'right_hand_column', 'marketplace', 'story'], 'instagram_positions': ['stream', 'story', 'explore']}",OFFSITE_CONVERSIONS,IMPRESSIONS,,200,"[{'event_type': 'CLICK_THROUGH', 'window_days': 7}, {'event_type': 'VIEW_THROUGH', 'window_days': 1}]",2021-07-12T05:07:33-0400,"['US', 'GB']",45,65,[],[],[],200,0
23848456672720177,Add-To-Cart - All,23848236412050177,PAUSED,"{'age_max': 65, 'age_min': 45, 'geo_locations': {'countries': ['US', 'GB'], 'location_types': ['home']}, 'locales': [24, 6], 'targeting_relaxation_types': {'lookalike': 0, 'custom_audience': 0}, 'publisher_platforms': ['facebook', 'instagram', 'audience_network'], 'facebook_positions': ['feed', 'right_hand_column', 'marketplace', 'story'], 'instagram_positions': ['stream', 'story', 'explore']}",OFFSITE_CONVERSIONS,IMPRESSIONS,,110,"[{'event_type': 'CLICK_THROUGH', 'window_days': 7}, {'event_type': 'VIEW_THROUGH', 'window_days': 1}]",2021-07-12T05:07:24-0400,"['US', 'GB']",45,65,[],[],[],110,0
23848456671550177,Top Customers Combo - All,23848236412050177,PAUSED,"{'age_max': 65, 'age_min': 45, 'geo_locations': {'countries': ['US', 'GB'], 'location_types': ['home']}, 'locales': [24, 6], 'targeting_relaxation_types': {'lookalike': 0, 'custom_audience': 0}, 'publisher_platforms': ['facebook', 'instagram', 'audience_network'], 'facebook_positions': ['feed', 'right_hand_column', 'marketplace', 'story'], 'instagram_positions': ['stream', 'story', 'explore']}",OFFSITE_CONVERSIONS,IMPRESSIONS,,110,"[{'event_type': 'CLICK_THROUGH', 'window_days': 7}, {'event_type': 'VIEW_THROUGH', 'window_days': 1}]",2021-07-12T05:07:17-0400,"['US', 'GB']",45,65,[],[],[],110,0
23848456668830177,Warm Visitors - All,23848236412050177,PAUSED,"{'age_max': 65, 'age_min': 45, 'geo_locations': {'countries': ['US', 'GB'], 'location_types': ['home']}, 'locales': [24, 6], 'targeting_relaxation_types': {'lookalike': 0, 'custom_audience': 0}, 'publisher_platforms': ['facebook', 'instagram', 'audience_network'], 'facebook_positions': ['feed', 'right_hand_column', 'marketplace', 'story'], 'instagram_positions': ['stream', 'story', 'explore']}",OFFSITE_CONVERSIONS,IMPRESSIONS,,110,"[{'event_type': 'CLICK_THROUGH', 'window_days': 7}, {'event_type': 'VIEW_THROUGH', 'window_days': 1}]",2021-07-12T05:06:51-0400,"['US', 'GB']",45,65,[],[],[],110,0
23848369017640177,Prospective Audience - All - 333630574910555,23848368999820177,PAUSED,"{'age_max': 65, 'age_min': 25, 'excluded_product_audience_specs': [{'product_set_id': '333630574910555', 'inclusions': [{'retention_seconds': '7776000', 'rule': '{""event"":{""eq"":""Purchase""}}'}]}], 'geo_locations': {'countries': ['US', 'GB'], 'location_types': ['home']}, 'publisher_platforms': ['facebook', 'instagram', 'audience_network'], 'facebook_positions': ['feed', 'right_hand_column', 'marketplace', 'story'], 'instagram_positions': ['stream', 'story', 'explore']}",OFFSITE_CONVERSIONS,IMPRESSIONS,,110,"[{'event_type': 'CLICK_THROUGH', 'window_days': 7}, {'event_type': 'VIEW_THROUGH', 'window_days': 1}]",2021-06-30T03:01:23-0400,"['US', 'GB']",25,65,[],[],[],110,0
23848369010890177,Product Views (Dynamic) - All - 2554137738228527,23848368999820177,PAUSED,"{'age_max': 65, 'age_min': 25, 'product_audience_specs': [{'product_set_id': '2554137738228527', 'inclusions': [{'retention_seconds': '2592000', 'rule': '{""event"":{""eq"":""ViewContent""}}'}], 'exclusions': [{'retention_seconds': '2592000', 'rule': '{""event"":{""eq"":""Purchase""}}'}]}], 'geo_locations': {'countries': ['US', 'GB'], 'location_types': ['home']}, 'publisher_platforms': ['facebook', 'instagram', 'audience_network'], 'facebook_positions': ['feed', 'right_hand_column', 'marketplace', 'story'], 'instagram_positions': ['stream', 'story', 'explore']}",OFFSITE_CONVERSIONS,IMPRESSIONS,,110,"[{'event_type': 'CLICK_THROUGH', 'window_days': 7}, {'event_type': 'VIEW_THROUGH', 'window_days': 1}]",2021-06-30T03:00:39-0400,"['US', 'GB']",25,65,[],[],[],110,0
23848369003470177,Add-To-Cart (Dynamic) - All - 798141651067534,23848368999820177,PAUSED,"{'age_max': 65, 'age_min': 25, 'product_audience_specs': [{'product_set_id': '798141651067534', 'inclusions': [{'retention_seconds': '2592000', 'rule': '{""event"":{""eq"":""AddToCart""}}'}], 'exclusions': [{'retention_seconds': '2592000', 'rule': '{""event"":{""eq"":""Purchase""}}'}]}], 'geo_locations': {'countries': ['US', 'GB'], 'location_types': ['home']}, 'publisher_platforms': ['facebook', 'instagram', 'audience_network'], 'facebook_positions': ['feed', 'right_hand_column', 'marketplace', 'story'], 'instagram_positions': ['stream', 'story', 'explore']}",OFFSITE_CONVERSIONS,IMPRESSIONS,,110,"[{'event_type': 'CLICK_THROUGH', 'window_days': 7}, {'event_type': 'VIEW_THROUGH', 'window_days': 1}]",2021-06-30T02:59:37-0400,"['US', 'GB']",25,65,[],[],[],110,0
23848351489320177,Top Customers Combo - All,23848351489270177,PAUSED,"{'age_max': 65, 'age_min': 25, 'geo_locations': {'countries': ['US', 'GB'], 'location_types': ['home']}, 'targeting_relaxation_types': {'lookalike': 0, 'custom_audience': 0}, 'publisher_platforms': ['facebook', 'instagram', 'audience_network'], 'facebook_positions': ['feed', 'right_hand_column', 'marketplace', 'story'], 'instagram_positions': ['stream', 'story', 'explore']}",OFFSITE_CONVERSIONS,IMPRESSIONS,,110,"[{'event_type': 'CLICK_THROUGH', 'window_days': 7}, {'event_type': 'VIEW_THROUGH', 'window_days': 1}]",2021-06-27T07:13:07-0400,"['US', 'GB']",25,65,[],[],[],110,0
23848351488170177,Top Customers Combo - All,23848351486270177,PAUSED,"{'age_max': 65, 'age_min': 25, 'geo_locations': {'countries': ['US', 'GB'], 'location_types': ['home']}, 'targeting_relaxation_types': {'lookalike': 0, 'custom_audience': 0}, 'publisher_platforms': ['facebook', 'instagram', 'audience_network'], 'facebook_positions': ['feed', 'right_hand_column', 'marketplace', 'story'], 'instagram_positions': ['stream', 'story', 'explore']}",OFFSITE_CONVERSIONS,IMPRESSIONS,,110,"[{'event_type': 'CLICK_THROUGH', 'window_days': 7}, {'event_type': 'VIEW_THROUGH', 'window_days': 1}]",2021-06-27T07:12:52-0400,"['US', 'GB']",25,65,[],[],[],110,0
23848351487320177,Add-To-Cart - All,23848351486270177,PAUSED,"{'age_max': 65, 'age_min': 25, 'geo_locations': {'countries': ['US', 'GB'], 'location_types': ['home']}, 'targeting_relaxation_types': {'lookalike': 0, 'custom_audience': 0}, 'publisher_platforms': ['facebook', 'instagram', 'audience_network'], 'facebook_positions': ['feed', 'right_hand_column', 'marketplace', 'story'], 'instagram_positions': ['stream', 'story', 'explore']}",OFFSITE_CONVERSIONS,IMPRESSIONS,,110,"[{'event_type': 'CLICK_THROUGH', 'window_days': 7}, {'event_type': 'VIEW_THROUGH', 'window_days': 1}]",2021-06-27T07:12:37-0400,"['US', 'GB']",25,65,[],[],[],110,0
23848351486360177,Warm Visitors - All,23848351486270177,PAUSED,"{'age_max': 65, 'age_min': 25, 'geo_locations': {'countries': ['US', 'GB'], 'location_types': ['home']}, 'targeting_relaxation_types': {'lookalike': 0, 'custom_audience': 0}, 'publisher_platforms': ['facebook', 'instagram', 'audience_network'], 'facebook_positions': ['feed', 'right_hand_column', 'marketplace', 'story'], 'instagram_positions': ['stream', 'story', 'explore']}",OFFSITE_CONVERSIONS,IMPRESSIONS,,110,"[{'event_type': 'CLICK_THROUGH', 'window_days': 7}, {'event_type': 'VIEW_THROUGH', 'window_days': 1}]",2021-06-27T07:12:07-0400,"['US', 'GB']",25,65,[],[],[],110,0
23848326155770177,Interests - All,23848236416450177,PAUSED,"{'age_max': 65, 'age_min': 45, 'flexible_spec': [{'interests': [{'id': '6003019539929', 'name': 'Gift'}, {'id': '6003031649055', 'name': 'Glass art'}, {'id': '6003142974961', 'name': 'Painting'}, {'id': '6003273071999', 'name': 'Unique Gifts'}, {'id': '6003523650770', 'name': 'Color printing'}], 'family_statuses': [{'id': '6023005681983', 'name': 'Parents with teenagers (13-17 years)'}], 'life_events': [{'id': '6203620854183', 'name': 'Friends of people with birthdays in a month'}]}], 'geo_locations': {'countries': ['US', 'GB'], 'location_types': ['home']}, 'locales': [24, 6], 'targeting_relaxation_types': {'lookalike': 0, 'custom_audience': 0}, 'publisher_platforms': ['facebook', 'instagram'], 'facebook_positions': ['feed', 'right_hand_column', 'marketplace', 'story'], 'instagram_positions': ['stream', 'story', 'explore'], 'device_platforms': ['mobile', 'desktop']}",OFFSITE_CONVERSIONS,IMPRESSIONS,,110,"[{'event_type': 'CLICK_THROUGH', 'window_days': 7}, {'event_type': 'VIEW_THROUGH', 'window_days': 1}]",2021-06-23T08:32:33-0400,"['US', 'GB']",45,65,[],[],[],110,0
23848326154950177,Cold Visitors - All,23848236412050177,PAUSED,"{'age_max': 65, 'age_min': 45, 'geo_locations': {'countries': ['US', 'GB'], 'location_types': ['home']}, 'locales': [24, 6], 'targeting_relaxation_types': {'lookalike': 0, 'custom_audience': 0}, 'publisher_platforms': ['facebook', 'instagram', 'audience_network'], 'facebook_positions': ['feed', 'right_hand_column', 'marketplace', 'story'], 'instagram_positions': ['stream', 'story', 'explore']}",OFFSITE_CONVERSIONS,IMPRESSIONS,,110,"[{'event_type': 'CLICK_THROUGH', 'window_days': 7}, {'event_type': 'VIEW_THROUGH', 'window_days': 1}]",2021-06-23T08:32:16-0400,"['US', 'GB']",45,65,[],[],[],110,0
23848326154260177,Recent Visitors - All,23848236412050177,PAUSED,"{'age_max': 65, 'age_min': 45, 'geo_locations': {'countries': ['US', 'GB'], 'location_types': ['home']}, 'locales': [24, 6], 'targeting_relaxation_types': {'lookalike': 0, 'custom_audience': 0}, 'publisher_platforms': ['facebook', 'instagram', 'audience_network'], 'facebook_positions': ['feed', 'right_hand_column', 'marketplace', 'story'], 'instagram_positions': ['stream', 'story', 'explore']}",OFFSITE_CONVERSIONS,IMPRESSIONS,,110,"[{'event_type': 'CLICK_THROUGH', 'window_days': 7}, {'event_type': 'VIEW_THROUGH', 'window_days': 1}]",2021-06-23T08:32:01-0400,"['US', 'GB']",45,65,[],[],[],110,0
23848326152470177,Broad Audience - Women,23848236416450177,PAUSED,"{'age_max': 65, 'age_min': 45, 'genders': [2], 'geo_locations': {'countries': ['US', 'GB'], 'location_types': ['home']}, 'locales': [24, 6], 'targeting_relaxation_types': {'lookalike': 0, 'custom_audience': 0}, 'publisher_platforms': ['facebook', 'instagram', 'audience_network'], 'facebook_positions': ['feed', 'right_hand_column', 'marketplace', 'story'], 'instagram_positions': ['stream', 'story', 'explore']}",OFFSITE_CONVERSIONS,IMPRESSIONS,,110,"[{'event_type': 'CLICK_THROUGH', 'window_days': 7}, {'event_type': 'VIEW_THROUGH', 'window_days': 1}]",2021-06-23T08:31:30-0400,"['US', 'GB']",45,65,[2],[],[],110,0
23848305260740177,Recent Visitors - Women,23848236412050177,PAUSED,"{'age_max': 65, 'age_min': 45, 'genders': [2], 'geo_locations': {'countries': ['US', 'GB'], 'location_types': ['home']}, 'locales': [24, 6], 'targeting_relaxation_types': {'lookalike': 0, 'custom_audience': 0}, 'publisher_platforms': ['facebook', 'instagram', 'audience_network'], 'facebook_positions': ['feed', 'right_hand_column', 'marketplace', 'story'], 'instagram_positions': ['stream', 'story', 'explore']}",OFFSITE_CONVERSIONS,IMPRESSIONS,,166,"[{'event_type': 'CLICK_THROUGH', 'window_days': 7}, {'event_type': 'VIEW_THROUGH', 'window_days': 1}]",2021-06-20T05:05:35-0400,"['US', 'GB']",45,65,[2],[],[],166,0
23848236427140177,Smart Lookalike (Purchase) - Women,23848236416450177,PAUSED,"{'age_max': 65, 'age_min': 35, 'genders': [2], 'geo_locations': {'countries': ['US', 'GB'], 'location_types': ['home']}, 'locales': [24, 6], 'targeting_relaxation_types': {'lookalike': 0, 'custom_audience': 0}, 'publisher_platforms': ['facebook', 'instagram', 'audience_network'], 'facebook_positions': ['feed', 'right_hand_column', 'marketplace', 'story'], 'instagram_positions': ['stream', 'story', 'explore']}",OFFSITE_CONVERSIONS,IMPRESSIONS,,699,"[{'event_type': 'CLICK_THROUGH', 'window_days': 7}, {'event_type': 'VIEW_THROUGH', 'window_days': 1}]",2021-06-09T15:53:03-0400,"['US', 'GB']",35,65,[2],[],[],699,0
23848236426460177,Add-To-Cart - Women,23848236412050177,PAUSED,"{'age_max': 65, 'age_min': 35, 'genders': [2], 'geo_locations': {'countries': ['US', 'GB'], 'location_types': ['home']}, 'locales': [24, 6], 'targeting_relaxation_types': {'lookalike': 0, 'custom_audience': 0}, 'publisher_platforms': ['facebook', 'instagram', 'audience_network'], 'facebook_positions': ['feed', 'right_hand_column', 'marketplace', 'story'], 'instagram_positions': ['stream', 'story', 'explore']}",OFFSITE_CONVERSIONS,IMPRESSIONS,,2800,"[{'event_type': 'CLICK_THROUGH', 'window_days': 7}, {'event_type': 'VIEW_THROUGH', 'window_days': 1}]",2021-06-09T15:53:01-0400,"['US', 'GB']",35,65,[2],[],[],2800,0
23848236422150177,Product Views (Dynamic) - Women - 505738774008863,23848236417570177,PAUSED,"{'age_max': 65, 'age_min': 35, 'product_audience_specs': [{'product_set_id': '505738774008863', 'inclusions': [{'retention_seconds': '2592000', 'rule': '{""event"":{""eq"":""ViewContent""}}'}], 'exclusions': [{'retention_seconds': '2592000', 'rule': '{""event"":{""eq"":""Purchase""}}'}]}], 'genders': [2], 'geo_locations': {'countries': ['US', 'GB'], 'location_types': ['home']}, 'locales': [24, 6], 'publisher_platforms': ['facebook', 'instagram', 'audience_network'], 'facebook_positions': ['feed', 'right_hand_column', 'marketplace', 'story'], 'instagram_positions': ['stream', 'story', 'explore']}",OFFSITE_CONVERSIONS,IMPRESSIONS,,110,"[{'event_type': 'CLICK_THROUGH', 'window_days': 7}, {'event_type': 'VIEW_THROUGH', 'window_days': 1}]",2021-06-09T15:52:41-0400,"['US', 'GB']",35,65,[2],[],[],110,0
23848236420530177,Prospective Audience - Women - 222004113098515,23848236417570177,PAUSED,"{'age_max': 65, 'age_min': 45, 'excluded_product_audience_specs': [{'product_set_id': '222004113098515', 'inclusions': [{'retention_seconds': '7776000', 'rule': '{""event"":{""eq"":""Purchase""}}'}]}], 'genders': [2], 'geo_locations': {'countries': ['US', 'GB'], 'location_types': ['home']}, 'locales': [24, 6], 'publisher_platforms': ['facebook', 'instagram', 'audience_network'], 'facebook_positions': ['feed', 'right_hand_column', 'marketplace', 'story'], 'instagram_positions': ['stream', 'story', 'explore']}",OFFSITE_CONVERSIONS,IMPRESSIONS,,1900,"[{'event_type': 'CLICK_THROUGH', 'window_days': 7}, {'event_type': 'VIEW_THROUGH', 'window_days': 1}]",2021-06-09T15:52:33-0400,"['US', 'GB']",45,65,[2],[],[],1900,0
23848236418040177,Add-To-Cart (Dynamic) - last 30 - Women - 968933693870746,23848236417570177,PAUSED,"{'age_max': 65, 'age_min': 45, 'product_audience_specs': [{'product_set_id': '968933693870746', 'inclusions': [{'retention_seconds': '7776000', 'rule': '{""event"":{""eq"":""AddToCart""}}'}], 'exclusions': [{'retention_seconds': '7776000', 'rule': '{""event"":{""eq"":""Purchase""}}'}]}], 'genders': [2], 'geo_locations': {'countries': ['US', 'GB'], 'location_types': ['home']}, 'locales': [24, 6], 'publisher_platforms': ['facebook', 'instagram', 'audience_network'], 'facebook_positions': ['feed', 'right_hand_column', 'marketplace', 'story'], 'instagram_positions': ['stream', 'story', 'explore']}",OFFSITE_CONVERSIONS,IMPRESSIONS,,110,"[{'event_type': 'CLICK_THROUGH', 'window_days': 7}, {'event_type': 'VIEW_THROUGH', 'window_days': 1}]",2021-06-09T15:52:24-0400,"['US', 'GB']",45,65,[2],[],[],110,0
23848236416610177,Top Customers Combo - Women,23848236416450177,PAUSED,"{'age_max': 65, 'age_min': 45, 'genders': [2], 'geo_locations': {'countries': ['US', 'GB'], 'location_types': ['home']}, 'locales': [24, 6], 'targeting_relaxation_types': {'lookalike': 0, 'custom_audience': 0}, 'publisher_platforms': ['facebook', 'instagram', 'audience_network'], 'facebook_positions': ['feed', 'right_hand_column', 'marketplace', 'story'], 'instagram_positions': ['stream', 'story', 'explore']}",OFFSITE_CONVERSIONS,IMPRESSIONS,,1000,"[{'event_type': 'CLICK_THROUGH', 'window_days': 7}, {'event_type': 'VIEW_THROUGH', 'window_days': 1}]",2021-06-09T15:52:15-0400,"['US', 'GB']",45,65,[2],[],[],1000,0
23848236414970177,Top Customers Combo - Women,23848236412050177,PAUSED,"{'age_max': 65, 'age_min': 45, 'genders': [2], 'geo_locations': {'countries': ['US', 'GB'], 'location_types': ['home']}, 'locales': [24, 6], 'targeting_relaxation_types': {'lookalike': 0, 'custom_audience': 0}, 'publisher_platforms': ['facebook', 'instagram', 'audience_network'], 'facebook_positions': ['feed', 'right_hand_column', 'marketplace', 'story'], 'instagram_positions': ['stream', 'story', 'explore']}",OFFSITE_CONVERSIONS,IMPRESSIONS,,110,"[{'event_type': 'CLICK_THROUGH', 'window_days': 7}, {'event_type': 'VIEW_THROUGH', 'window_days': 1}]",2021-06-09T15:52:07-0400,"['US', 'GB']",45,65,[2],[],[],110,0
23848236412300177,Warm Visitors - Women,23848236412050177,PAUSED,"{'age_max': 65, 'age_min': 35, 'genders': [2], 'geo_locations': {'countries': ['US', 'GB'], 'location_types': ['home']}, 'locales': [24, 6], 'targeting_relaxation_types': {'lookalike': 0, 'custom_audience': 0}, 'publisher_platforms': ['facebook', 'audience_network'], 'facebook_positions': ['feed', 'right_hand_column', 'marketplace', 'story'], 'instagram_positions': ['stream', 'story', 'explore']}",OFFSITE_CONVERSIONS,IMPRESSIONS,,110,"[{'event_type': 'CLICK_THROUGH', 'window_days': 7}, {'event_type': 'VIEW_THROUGH', 'window_days': 1}]",2021-06-09T15:51:59-0400,"['US', 'GB']",35,65,[2],[],[],110,0
23848233127420177,Top Customers Combo - Women,23847104505540177,PAUSED,"{'age_max': 65, 'age_min': 35, 'genders': [2], 'geo_locations': {'countries': ['US'], 'location_types': ['home']}, 'targeting_relaxation_types': {'lookalike': 0, 'custom_audience': 0}, 'publisher_platforms': ['facebook', 'instagram', 'audience_network'], 'facebook_positions': ['feed', 'right_hand_column', 'marketplace', 'story'], 'instagram_positions': ['stream', 'story', 'explore']}",OFFSITE_CONVERSIONS,IMPRESSIONS,,200,"[{'event_type': 'CLICK_THROUGH', 'window_days': 7}, {'event_type': 'VIEW_THROUGH', 'window_days': 1}]",2021-06-09T06:45:22-0400,['US'],35,65,[2],[],[],200,0
23848195679640177,AdScale Test Ad Set,23848195679600177,ACTIVE,"{'age_max': 65, 'age_min': 18, 'geo_locations': {'countries': ['US'], 'location_types': ['home']}, 'targeting_relaxation_types': {'lookalike': 0, 'custom_audience': 0}}",OFFSITE_CONVERSIONS,IMPRESSIONS,2.0,110,"[{'event_type': 'CLICK_THROUGH', 'window_days': 7}]",2021-06-03T07:53:29-0400,['US'],18,65,[],[],[],110,0
23847104505720177,Top Customers Combo - All,23847104505540177,PAUSED,"{'age_max': 65, 'age_min': 35, 'geo_locations': {'regions': [{'key': '3847', 'name': 'California', 'country': 'US'}, {'key': '3852', 'name': 'Florida', 'country': 'US'}, {'key': '3875', 'name': 'New York', 'country': 'US'}, {'key': '3881', 'name': 'Pennsylvania', 'country': 'US'}, {'key': '3886', 'name': 'Texas', 'country': 'US'}], 'location_types': ['home']}, 'targeting_relaxation_types': {'lookalike': 0, 'custom_audience': 0}, 'publisher_platforms': ['facebook', 'instagram', 'audience_network'], 'facebook_positions': ['feed', 'right_hand_column', 'marketplace', 'story'], 'instagram_positions': ['stream', 'story', 'explore']}",OFFSITE_CONVERSIONS,IMPRESSIONS,,300,"[{'event_type': 'CLICK_THROUGH', 'window_days': 7}, {'event_type': 'VIEW_THROUGH', 'window_days': 1}]",2021-02-08T01:43:59-0500,[],35,65,[],[],[],300,0
23847104504940177,Prospective Audience - All - 462514315108083,23847104503240177,PAUSED,"{'age_max': 65, 'age_min': 35, 'excluded_product_audience_specs': [{'product_set_id': '462514315108083', 'inclusions': [{'retention_seconds': '7776000', 'rule': '{""event"":{""eq"":""Purchase""}}'}]}], 'geo_locations': {'countries': ['US'], 'location_types': ['home']}, 'publisher_platforms': ['facebook', 'instagram', 'audience_network'], 'facebook_positions': ['feed', 'right_hand_column', 'marketplace', 'story'], 'instagram_positions': ['stream', 'story', 'explore']}",OFFSITE_CONVERSIONS,IMPRESSIONS,,200,"[{'event_type': 'CLICK_THROUGH', 'window_days': 7}, {'event_type': 'VIEW_THROUGH', 'window_days': 1}]",2021-02-08T01:43:51-0500,['US'],35,65,[],[],[],200,0
23847104504300177,Product Views (Dynamic) - All - 131497745425944,23847104503240177,PAUSED,"{'age_max': 65, 'age_min': 35, 'product_audience_specs': [{'product_set_id': '131497745425944', 'inclusions': [{'retention_seconds': '2592000', 'rule': '{""event"":{""eq"":""ViewContent""}}'}], 'exclusions': [{'retention_seconds': '2592000', 'rule': '{""event"":{""eq"":""Purchase""}}'}]}], 'geo_locations': {'countries': ['US'], 'location_types': ['home']}, 'publisher_platforms': ['facebook', 'instagram', 'audience_network'], 'facebook_positions': ['feed', 'right_hand_column', 'marketplace', 'story'], 'instagram_positions': ['stream', 'story', 'explore']}",OFFSITE_CONVERSIONS,IMPRESSIONS,,200,"[{'event_type': 'CLICK_THROUGH', 'window_days': 7}, {'event_type': 'VIEW_THROUGH', 'window_days': 1}]",2021-02-08T01:43:45-0500,['US'],35,65,[],[],[],200,0
23847104503430177,Add-To-Cart (Dynamic) - All - 460416038670891,23847104503240177,PAUSED,"{'age_max': 65, 'age_min': 35, 'product_audience_specs': [{'product_set_id': '460416038670891', 'inclusions': [{'retention_seconds': '2592000', 'rule': '{""event"":{""eq"":""AddToCart""}}'}], 'exclusions': [{'retention_seconds': '2592000', 'rule': '{""event"":{""eq"":""Purchase""}}'}]}], 'geo_locations': {'countries': ['US'], 'location_types': ['home']}, 'publisher_platforms': ['facebook', 'instagram', 'audience_network'], 'facebook_positions': ['feed', 'right_hand_column', 'marketplace', 'story'], 'instagram_positions': ['stream', 'story', 'explore']}",OFFSITE_CONVERSIONS,IMPRESSIONS,,200,"[{'event_type': 'CLICK_THROUGH', 'window_days': 7}, {'event_type': 'VIEW_THROUGH', 'window_days': 1}]",2021-02-08T01:43:38-0500,['US'],35,65,[],[],[],200,0
23847104502290177,Warm Visitors - All,23847104502120177,PAUSED,"{'age_max': 65, 'age_min': 35, 'geo_locations': {'countries': ['US'], 'location_types': ['home']}, 'targeting_relaxation_types': {'lookalike': 0, 'custom_audience': 0}, 'publisher_platforms': ['facebook', 'instagram', 'audience_network'], 'facebook_positions': ['feed', 'right_hand_column', 'marketplace', 'story'], 'instagram_positions': ['stream', 'story', 'explore']}",OFFSITE_CONVERSIONS,IMPRESSIONS,,900,"[{'event_type': 'CLICK_THROUGH', 'window_days': 7}, {'event_type': 'VIEW_THROUGH', 'window_days': 1}]",2021-02-08T01:43:23-0500,['US'],35,65,[],[],[],900,0
23847104501280177,Interests - All,23847104498950177,PAUSED,"{'age_max': 65, 'age_min': 35, 'flexible_spec': [{'behaviors': [{'id': '6018413514983', 'name': 'Anniversary (within 61-90 days)'}], 'life_events': [{'id': '6017476616183', 'name': 'Anniversary within 30 days'}, {'id': '6018399723983', 'name': 'Anniversary within 31-60 Days'}]}], 'geo_locations': {'regions': [{'key': '3847', 'name': 'California', 'country': 'US'}, {'key': '3852', 'name': 'Florida', 'country': 'US'}, {'key': '3875', 'name': 'New York', 'country': 'US'}, {'key': '3881', 'name': 'Pennsylvania', 'country': 'US'}, {'key': '3886', 'name': 'Texas', 'country': 'US'}], 'location_types': ['home']}, 'targeting_relaxation_types': {'lookalike': 0, 'custom_audience': 0}, 'publisher_platforms': ['facebook', 'instagram', 'audience_network'], 'facebook_positions': ['feed', 'right_hand_column', 'marketplace', 'story'], 'instagram_positions': ['stream', 'story', 'explore']}",OFFSITE_CONVERSIONS,IMPRESSIONS,,110,"[{'event_type': 'CLICK_THROUGH', 'window_days': 7}, {'event_type': 'VIEW_THROUGH', 'window_days': 1}]",2021-02-08T01:43:10-0500,[],35,65,[],[],[],110,0
23847104500100177,Segmented Interests - All - Anniversary (within 61-90 days),23847104498950177,PAUSED,"{'age_max': 65, 'age_min': 35, 'flexible_spec': [{'behaviors': [{'id': '6018413514983', 'name': 'Anniversary (within 61-90 days)'}]}], 'geo_locations': {'countries': ['US'], 'location_types': ['home']}, 'targeting_relaxation_types': {'lookalike': 0, 'custom_audience': 0}, 'publisher_platforms': ['facebook', 'instagram', 'audience_network'], 'facebook_positions': ['feed', 'right_hand_column', 'marketplace', 'story'], 'instagram_positions': ['stream', 'story', 'explore']}",OFFSITE_CONVERSIONS,IMPRESSIONS,,111,"[{'event_type': 'CLICK_THROUGH', 'window_days': 7}, {'event_type': 'VIEW_THROUGH', 'window_days': 1}]",2021-02-08T01:42:57-0500,['US'],35,65,[],[],[],111,0
23847104499630177,Segmented Interests - All - Anniversary within 30 days,23847104498950177,PAUSED,"{'age_max': 65, 'age_min': 35, 'flexible_spec': [{'life_events': [{'id': '6017476616183', 'name': 'Anniversary within 30 days'}]}], 'geo_locations': {'countries': ['US'], 'location_types': ['home']}, 'targeting_relaxation_types': {'lookalike': 0, 'custom_audience': 0}, 'publisher_platforms': ['facebook', 'instagram', 'audience_network'], 'facebook_positions': ['feed', 'right_hand_column', 'marketplace', 'story'], 'instagram_positions': ['stream', 'story', 'explore']}",OFFSITE_CONVERSIONS,IMPRESSIONS,,111,"[{'event_type': 'CLICK_THROUGH', 'window_days': 7}, {'event_type': 'VIEW_THROUGH', 'window_days': 1}]",2021-02-08T01:42:50-0500,['US'],35,65,[],[],[],111,0
23847104499020177,Segmented Interests - All - Anniversary within 31-60 Days,23847104498950177,PAUSED,"{'age_max': 65, 'age_min': 35, 'flexible_spec': [{'life_events': [{'id': '6018399723983', 'name': 'Anniversary within 31-60 Days'}]}], 'geo_locations': {'countries': ['US'], 'location_types': ['home']}, 'targeting_relaxation_types': {'lookalike': 0, 'custom_audience': 0}, 'publisher_platforms': ['facebook', 'instagram', 'audience_network'], 'facebook_positions': ['feed', 'right_hand_column', 'marketplace', 'story'], 'instagram_positions': ['stream', 'story', 'explore']}",OFFSITE_CONVERSIONS,IMPRESSIONS,,111,"[{'event_type': 'CLICK_THROUGH', 'window_days': 7}, {'event_type': 'VIEW_THROUGH', 'window_days': 1}]",2021-02-08T01:42:37-0500,['US'],35,65,[],[],[],111,0
23847017761900177,Warm Visitors - All,23847017761480177,PAUSED,"{'age_max': 65, 'age_min': 25, 'geo_locations': {'regions': [{'key': '3847', 'name': 'California', 'country': 'US'}, {'key': '3852', 'name': 'Florida', 'country': 'US'}, {'key': '3875', 'name': 'New York', 'country': 'US'}, {'key': '3881', 'name': 'Pennsylvania', 'country': 'US'}, {'key': '3886', 'name': 'Texas', 'country': 'US'}], 'location_types': ['home']}, 'targeting_relaxation_types': {'lookalike': 0, 'custom_audience': 0}, 'publisher_platforms': ['facebook', 'instagram', 'audience_network'], 'facebook_positions': ['feed', 'right_hand_column', 'marketplace', 'story'], 'instagram_positions': ['stream', 'story', 'explore']}",OFFSITE_CONVERSIONS,IMPRESSIONS,,500,"[{'event_type': 'CLICK_THROUGH', 'window_days': 7}, {'event_type': 'VIEW_THROUGH', 'window_days': 1}]",2021-01-28T04:19:28-0500,[],25,65,[],[],[],500,0
23847017759730177,Interests - All,23847017754090177,PAUSED,"{'age_max': 65, 'age_min': 25, 'flexible_spec': [{'life_events': [{'id': '6017476616183', 'name': 'Anniversary within 30 days'}, {'id': '6018399723983', 'name': 'Anniversary within 31-60 Days'}]}, {'behaviors': [{'id': '6071631541183', 'name': 'Engaged Shoppers'}]}], 'geo_locations': {'regions': [{'key': '3847', 'name': 'California', 'country': 'US'}, {'key': '3852', 'name': 'Florida', 'country': 'US'}, {'key': '3875', 'name': 'New York', 'country': 'US'}, {'key': '3881', 'name': 'Pennsylvania', 'country': 'US'}, {'key': '3886', 'name': 'Texas', 'country': 'US'}], 'location_types': ['home']}, 'targeting_relaxation_types': {'lookalike': 0, 'custom_audience': 0}, 'publisher_platforms': ['facebook', 'instagram', 'audience_network'], 'facebook_positions': ['feed', 'right_hand_column', 'marketplace', 'story'], 'instagram_positions': ['stream', 'story', 'explore']}",OFFSITE_CONVERSIONS,IMPRESSIONS,,110,"[{'event_type': 'CLICK_THROUGH', 'window_days': 7}, {'event_type': 'VIEW_THROUGH', 'window_days': 1}]",2021-01-28T04:19:11-0500,[],25,65,[],[],[],110,0
23847017757510177,Interests - All - Glass art,23847017754090177,PAUSED,"{'age_max': 65, 'age_min': 25, 'flexible_spec': [{'interests': [{'id': '6003031649055', 'name': 'Glass art'}]}, {'behaviors': [{'id': '6071631541183', 'name': 'Engaged Shoppers'}]}], 'geo_locations': {'regions': [{'key': '3847', 'name': 'California', 'country': 'US'}, {'key': '3852', 'name': 'Florida', 'country': 'US'}, {'key': '3875', 'name': 'New York', 'country': 'US'}, {'key': '3881', 'name': 'Pennsylvania', 'country': 'US'}, {'key': '3886', 'name': 'Texas', 'country': 'US'}], 'location_types': ['home']}, 'targeting_relaxation_types': {'lookalike': 0, 'custom_audience': 0}, 'publisher_platforms': ['facebook', 'instagram', 'audience_network'], 'facebook_positions': ['feed', 'right_hand_column', 'marketplace', 'story'], 'instagram_positions': ['stream', 'story', 'explore']}",OFFSITE_CONVERSIONS,IMPRESSIONS,,300,"[{'event_type': 'CLICK_THROUGH', 'window_days': 7}, {'event_type': 'VIEW_THROUGH', 'window_days': 1}]",2021-01-28T04:18:59-0500,[],25,65,[],[],[],300,0
23847017756130177,Interests - All - Anniversary within 31-60 Days,23847017754090177,PAUSED,"{'age_max': 65, 'age_min': 25, 'flexible_spec': [{'life_events': [{'id': '6018399723983', 'name': 'Anniversary within 31-60 Days'}]}, {'behaviors': [{'id': '6071631541183', 'name': 'Engaged Shoppers'}]}], 'geo_locations': {'regions': [{'key': '3847', 'name': 'California', 'country': 'US'}, {'key': '3852', 'name': 'Florida', 'country': 'US'}, {'key': '3875', 'name': 'New York', 'country': 'US'}, {'key': '3881', 'name': 'Pennsylvania', 'country': 'US'}, {'key': '3886', 'name': 'Texas', 'country': 'US'}], 'location_types': ['home']}, 'targeting_relaxation_types': {'lookalike': 0, 'custom_audience': 0}, 'publisher_platforms': ['facebook', 'instagram', 'audience_network'], 'facebook_positions': ['feed', 'right_hand_column', 'marketplace', 'story'], 'instagram_positions': ['stream', 'story', 'explore']}",OFFSITE_CONVERSIONS,IMPRESSIONS,,110,"[{'event_type': 'CLICK_THROUGH', 'window_days': 7}, {'event_type': 'VIEW_THROUGH', 'window_days': 1}]",2021-01-28T04:18:46-0500,[],25,65,[],[],[],110,0
23847017754340177,Interests - All - Anniversary within 30 days,23847017754090177,PAUSED,"{'age_max': 65, 'age_min': 25, 'flexible_spec': [{'life_events': [{'id': '6017476616183', 'name': 'Anniversary within 30 days'}]}, {'behaviors': [{'id': '6071631541183', 'name': 'Engaged Shoppers'}]}], 'geo_locations': {'regions': [{'key': '3847', 'name': 'California', 'country': 'US'}, {'key': '3852', 'name': 'Florida', 'country': 'US'}, {'key': '3875', 'name': 'New York', 'country': 'US'}, {'key': '3881', 'name': 'Pennsylvania', 'country': 'US'}, {'key': '3886', 'name': 'Texas', 'country': 'US'}], 'location_types': ['home']}, 'targeting_relaxation_types': {'lookalike': 0, 'custom_audience': 0}, 'publisher_platforms': ['facebook', 'instagram', 'audience_network'], 'facebook_positions': ['feed', 'right_hand_column', 'marketplace', 'story'], 'instagram_positions': ['stream', 'story', 'explore']}",OFFSITE_CONVERSIONS,IMPRESSIONS,,110,"[{'event_type': 'CLICK_THROUGH', 'window_days': 7}, {'event_type': 'VIEW_THROUGH', 'window_days': 1}]",2021-01-28T04:18:33-0500,[],25,65,[],[],[],110,0
23847017753260177,Prospective Audience - All - 1156659118084699,23847017751780177,PAUSED,"{'age_max': 65, 'age_min': 25, 'excluded_product_audience_specs': [{'product_set_id': '1156659118084699', 'inclusions': [{'retention_seconds': '7776000', 'rule': '{""event"":{""eq"":""Purchase""}}'}]}], 'geo_locations': {'regions': [{'key': '3847', 'name': 'California', 'country': 'US'}, {'key': '3852', 'name': 'Florida', 'country': 'US'}, {'key': '3875', 'name': 'New York', 'country': 'US'}, {'key': '3881', 'name': 'Pennsylvania', 'country': 'US'}, {'key': '3886', 'name': 'Texas', 'country': 'US'}], 'location_types': ['home']}, 'publisher_platforms': ['facebook', 'instagram', 'audience_network'], 'facebook_positions': ['feed', 'right_hand_column', 'marketplace', 'story'], 'instagram_positions': ['stream', 'story', 'explore']}",OFFSITE_CONVERSIONS,IMPRESSIONS,,110,"[{'event_type': 'CLICK_THROUGH', 'window_days': 7}, {'event_type': 'VIEW_THROUGH', 'window_days': 1}]",2021-01-28T04:18:26-0500,[],25,65,[],[],[],110,0
23847017752450177,Product Views (Dynamic) - All - 1133378533802156,23847017751780177,PAUSED,"{'age_max': 65, 'age_min': 25, 'product_audience_specs': [{'product_set_id': '1133378533802156', 'inclusions': [{'retention_seconds': '2592000', 'rule': '{""event"":{""eq"":""ViewContent""}}'}], 'exclusions': [{'retention_seconds': '2592000', 'rule': '{""event"":{""eq"":""Purchase""}}'}]}], 'geo_locations': {'regions': [{'key': '3847', 'name': 'California', 'country': 'US'}, {'key': '3852', 'name': 'Florida', 'country': 'US'}, {'key': '3875', 'name': 'New York', 'country': 'US'}, {'key': '3881', 'name': 'Pennsylvania', 'country': 'US'}, {'key': '3886', 'name': 'Texas', 'country': 'US'}], 'location_types': ['home']}, 'publisher_platforms': ['facebook', 'instagram', 'audience_network'], 'facebook_positions': ['feed', 'right_hand_column', 'marketplace', 'story'], 'instagram_positions': ['stream', 'story', 'explore']}",OFFSITE_CONVERSIONS,IMPRESSIONS,,110,"[{'event_type': 'CLICK_THROUGH', 'window_days': 7}, {'event_type': 'VIEW_THROUGH', 'window_days': 1}]",2021-01-28T04:18:18-0500,[],25,65,[],[],[],110,0
23847017751970177,Add-To-Cart (Dynamic) - All - 201986948320895,23847017751780177,PAUSED,"{'age_max': 65, 'age_min': 25, 'product_audience_specs': [{'product_set_id': '201986948320895', 'inclusions': [{'retention_seconds': '2592000', 'rule': '{""event"":{""eq"":""AddToCart""}}'}], 'exclusions': [{'retention_seconds': '2592000', 'rule': '{""event"":{""eq"":""Purchase""}}'}]}], 'geo_locations': {'regions': [{'key': '3847', 'name': 'California', 'country': 'US'}, {'key': '3852', 'name': 'Florida', 'country': 'US'}, {'key': '3875', 'name': 'New York', 'country': 'US'}, {'key': '3881', 'name': 'Pennsylvania', 'country': 'US'}, {'key': '3886', 'name': 'Texas', 'country': 'US'}], 'location_types': ['home']}, 'publisher_platforms': ['facebook', 'instagram', 'audience_network'], 'facebook_positions': ['feed', 'right_hand_column', 'marketplace', 'story'], 'instagram_positions': ['stream', 'story', 'explore']}",OFFSITE_CONVERSIONS,IMPRESSIONS,,110,"[{'event_type': 'CLICK_THROUGH', 'window_days': 7}, {'event_type': 'VIEW_THROUGH', 'window_days': 1}]",2021-01-28T04:18:11-0500,[],25,65,[],[],[],110,0
23847017750730177,Smart Lookalike (Purchase) - All,23847017750660177,PAUSED,"{'age_max': 65, 'age_min': 25, 'geo_locations': {'regions': [{'key': '3847', 'name': 'California', 'country': 'US'}, {'key': '3852', 'name': 'Florida', 'country': 'US'}, {'key': '3875', 'name': 'New York', 'country': 'US'}, {'key': '3881', 'name': 'Pennsylvania', 'country': 'US'}, {'key': '3886', 'name': 'Texas', 'country': 'US'}], 'location_types': ['home']}, 'targeting_relaxation_types': {'lookalike': 0, 'custom_audience': 0}, 'publisher_platforms': ['facebook', 'instagram', 'audience_network'], 'facebook_positions': ['feed', 'right_hand_column', 'marketplace', 'story'], 'instagram_positions': ['stream', 'story', 'explore']}",OFFSITE_CONVERSIONS,IMPRESSIONS,,110,"[{'event_type': 'CLICK_THROUGH', 'window_days': 7}, {'event_type': 'VIEW_THROUGH', 'window_days': 1}]",2021-01-28T04:17:55-0500,[],25,65,[],[],[],110,0
